municipio_id,municipio_nombre
60014.0,ADOLFO GONZALES CHAVES
60063.0,BALCARCE
,
60070.0,BARADERO
60084.0,BENITO JUAREZ
60021.0,ALBERTI
60077.0,ARRECIFES
60028.0,ALMIRANTE BROWN
60035.0,AVELLANEDA
60042.0,AYACUCHO
60049.0,AZUL
60056.0,BAHIA BLANCA
60091.0,BERAZATEGUI
60098.0,BERISSO
60105.0,BOLIVAR
60112.0,BRAGADO
60007.0,ADOLFO ALSINA
60119.0,BRANDSEN
60126.0,CAMPANA
60134.0,CAÑUELAS
60140.0,CAPITAN SARMIENTO
60147.0,CARLOS CASARES
60154.0,CARLOS TEJEDOR
60161.0,CARMEN DE ARECO
60168.0,CASTELLI
60175.0,COLON
60182.0,CORONEL DE MARINA LEONARDO ROSALES
60189.0,CORONEL DORREGO
60196.0,CORONEL PRINGLES
60203.0,CORONEL SUAREZ
60210.0,CHACABUCO
60218.0,CHASCOMUS
60466.0,LEZAMA
60224.0,CHIVILCOY
60231.0,DAIREAUX
60238.0,DOLORES
60245.0,ENSENADA
60252.0,ESCOBAR
60260.0,ESTEBAN ECHEVERRIA
60266.0,EXALTACION DE LA CRUZ
60270.0,EZEIZA
60274.0,FLORENCIO VARELA
60277.0,FLORENTINO AMEGHINO
60280.0,GENERAL ALVARADO
60287.0,GENERAL ALVEAR
60294.0,GENERAL ARENALES
60301.0,GENERAL BELGRANO
60308.0,GENERAL GUIDO
60315.0,GENERAL JUAN MADARIAGA
60322.0,GENERAL LA MADRID
60329.0,GENERAL LAS HERAS
60336.0,GENERAL LAVALLE
60343.0,GENERAL PAZ
60351.0,GENERAL PINTO
60357.0,GENERAL PUEYRREDON
60364.0,GENERAL RODRIGUEZ
60371.0,GENERAL SAN MARTIN
60385.0,GENERAL VIAMONTE
60392.0,GENERAL VILLEGAS
60399.0,GUAMINI
60406.0,HIPOLITO YRIGOYEN
60408.0,HURLINGHAM
60410.0,ITUZAINGO
60412.0,JOSE C. PAZ
60413.0,JUNIN
60420.0,LA COSTA
60427.0,LA MATANZA
60434.0,LANUS
60441.0,LA PLATA
60448.0,LAPRIDA
60455.0,LAS FLORES
60462.0,LEANDRO N. ALEM
60469.0,LINCOLN
60476.0,LOBERIA
60483.0,LOBOS
60490.0,LOMAS DE ZAMORA
60497.0,LUJAN
60505.0,MAGDALENA
60511.0,MAIPU
60515.0,MALVINAS ARGENTINAS
60518.0,MAR CHIQUITA
60525.0,MARCOS PAZ
60532.0,MERCEDES
60539.0,MERLO
60547.0,MONTE
60553.0,MONTE HERMOSO
60560.0,MORENO
60568.0,MORON
60574.0,NAVARRO
60581.0,NECOCHEA
60588.0,9 DE JULIO
60595.0,OLAVARRIA
60602.0,PATAGONES
60609.0,PEHUAJO
60616.0,PELLEGRINI
60623.0,PERGAMINO
60630.0,PILA
60638.0,PILAR
60644.0,PINAMAR
60648.0,PRESIDENTE PERON
60651.0,PUAN
60655.0,PUNTA INDIO
60665.0,RAMALLO
60672.0,RAUCH
60679.0,RIVADAVIA
60686.0,ROJAS
60693.0,ROQUE PEREZ
60700.0,SAAVEDRA
60707.0,SALADILLO
60714.0,SALTO
60721.0,SALLIQUELO
60728.0,SAN ANDRES DE GILES
60735.0,SAN ANTONIO DE ARECO
60742.0,SAN CAYETANO
60749.0,SAN FERNANDO
60756.0,SAN ISIDRO
60760.0,SAN MIGUEL
60763.0,SAN NICOLAS
60770.0,SAN PEDRO
60778.0,SAN VICENTE
60784.0,SUIPACHA
60791.0,TANDIL
60798.0,TAPALQUE
60805.0,TIGRE
60812.0,TORDILLO
60819.0,TORNQUIST
60826.0,TRENQUE LAUQUEN
60833.0,TRES ARROYOS
60840.0,TRES DE FEBRERO
60847.0,TRES LOMAS
60854.0,25 DE MAYO
60861.0,VICENTE LOPEZ
60868.0,VILLA GESELL
60875.0,VILLARINO
60882.0,ZARATE
100028.0,LOS VARELA
100014.0,LA PUERTA
100007.0,EL RODEO
100021.0,LAS JUNTAS
100035.0,ANCASTI
100049.0,ANDALGALA
100042.0,ACONQUIJA
100056.0,ANTOFAGASTA DE LA SIERRA
100119.0,VILLA VIL
100063.0,BELEN
100091.0,POZO DE PIEDRA
100070.0,CORRAL QUEMADO
100098.0,PUERTA DE CORRAL QUEMADO
100077.0,HUALFIN
100084.0,LONDRES
100105.0,PUERTA DE SAN JOSE
100126.0,CAPAYAN
100133.0,HUILLAPIMA
100140.0,SAN FERNANDO DEL VALLE DE CATAMARCA
100147.0,EL ALTO
100154.0,TAPSO
100161.0,FRAY MAMERTO ESQUIU
100175.0,RECREO
100168.0,ICAÑO
100182.0,PACLIN
100185.0,MUTQUIN
100196.0,SAUJIL
100189.0,POMAN
100203.0,SAN JOSE
100210.0,SANTA MARIA
100213.0,LOS ALTOS
100217.0,SANTA ROSA
100231.0,TINOGASTA
100224.0,FIAMBALA
100238.0,VALLE VIEJO
142007.0,AMBOY
142021.0,CAÑADA DEL SAUCE
140049.0,VILLA GENERAL BELGRANO
140063.0,VILLA RUMIPAL
140070.0,VILLA YACANTO
140007.0,EMBALSE
140014.0,LA CRUZ
143015.0,LA CUMBRECITA
142028.0,LAS BAJADAS
142035.0,LAS CALERAS
140021.0,LOS CONDORES
142042.0,LOS MOLINOS
142049.0,LOS REARTES
142056.0,LUTTI
142014.0,CALMAYO
140028.0,RIO DE LOS SAUCES
140056.0,SAN AGUSTIN
142063.0,SAN IGNACIO
140035.0,SANTA ROSA DE CALAMUCHITA
142070.0,SEGUNDA USINA
142084.0,VILLA CIUDAD PARQUE LOS REARTES
142077.0,VILLA AMANCAY
140042.0,VILLA DEL DIQUE
142091.0,VILLA QUILLINZO
140077.0,CORDOBA
140084.0,AGUA DE ORO
140126.0,LA GRANJA
140147.0,RIO CEBALLOS
142105.0,EL MANZANO
140119.0,LA CALERA
140091.0,COLONIA CAROYA
140098.0,COLONIA TIROLESA
142098.0,COLONIA VICENTE AGÜERO
140133.0,MALVINAS ARGENTINAS
140175.0,VILLA ALLENDE
142112.0,ESTACION GENERAL PAZ
140112.0,JESUS MARIA
140168.0,UNQUILLO
140140.0,MENDIOLAZA
142119.0,MI GRANJA
140154.0,SALDAN
140161.0,SALSIPUEDES
142728.0,TINOCO
142126.0,VILLA CERRO AZUL
140105.0,ESTACION JUAREZ CELMAN
142133.0,ALTO DE LOS QUEBRACHOS
142140.0,BAÑADO DE SOTO
142147.0,CRUZ DE CAÑA
140182.0,CRUZ DEL EJE
142154.0,EL BRETE
142161.0,GUANACO MUERTO
140189.0,SAN MARCOS SIERRAS
142175.0,LA HIGUERA
142189.0,LAS PLAYAS
142819.0,LOS CHAÑARITOS
142203.0,MEDIA NARANJA
140196.0,SERREZUELA
142217.0,TUCLAME
140203.0,VILLA DE SOTO
140210.0,BUCHARDO
140224.0,HUINCA RENANCO
140231.0,ITALO
140245.0,MATTALDI
142224.0,NICOLAS BRUZZONE
142231.0,ONAGOITY
142238.0,PINCEN
142245.0,RANQUELES
140238.0,JOVITA
140252.0,VILLA HUIDOBRO
141120.0,VILLA SARMIENTO (S. A.)
140259.0,VILLA VALERIA
140273.0,ARROYO CABRAL
140280.0,AUSONIA
140287.0,CHAZON
140294.0,ETRURIA
140301.0,LA LAGUNA
140308.0,LA PALESTINA
140315.0,LA PLAYOSA
140329.0,PASCO
140336.0,SILVIO PELLICO
140343.0,TICINO
140350.0,TIO PUJIO
140357.0,VILLA MARIA
140364.0,VILLA NUEVA
142259.0,AVELLANEDA
142266.0,CAÑADA DE RIO PINTO
142273.0,CHUÑA
140371.0,DEAN FUNES
142294.0,OLIVARES DE SAN NICOLAS
140378.0,QUILINO
140385.0,ALEJANDRO ROCA
142308.0,ASSUNTA
140392.0,BENGOLEA
140399.0,CARNERILLO
140406.0,CHARRAS
142315.0,EL RASTREADOR
140413.0,GENERAL CABRERA
140420.0,GENERAL DEHEZA
140427.0,HUANCHILLA
140441.0,LOS CISNES
140448.0,OLAETA
142322.0,PACHECO DE MELO
142329.0,PASO DEL DURAZNO
140462.0,SANTA EUFEMIA
140469.0,UCACHA
140455.0,REDUCCION
140476.0,ALEJO LEDESMA
140483.0,ARIAS
140490.0,CAMILO ALDAO
140497.0,CAPITAN GENERAL B. O'HIGGINS
140504.0,CAVANAGH
142336.0,COLONIA BARGE
140511.0,COLONIA ITALIANA
140518.0,CORRAL DE BUSTOS
140525.0,CRUZ ALTA
140532.0,GENERAL BALDISSERA
140539.0,GENERAL ROCA
140546.0,GUATIMOZIN
140553.0,INRIVILLE
140560.0,ISLA VERDE
140567.0,LEONES
140574.0,LOS SURGENTES
140581.0,MARCOS JUAREZ
140588.0,MONTE BUEY
140595.0,SAIRA
142343.0,SALADILLO
142357.0,CIENAGA DEL CORO
142364.0,EL CHACHO
142371.0,ESTANCIA DE GUADALUPE
142378.0,GUASAPAMPA
142385.0,LA PLAYA
140602.0,SAN CARLOS MINAS
142392.0,TALAINI
142399.0,TOSNO
142406.0,CHANCANI
142434.0,TALA CAÑADA
140609.0,SALSACATE
142427.0,SAN GERONIMO
140616.0,GENERAL LEVALLE
140623.0,LA CESIRA
140630.0,LABOULAYE
142448.0,LEGUIZAMON
140637.0,MELO
142455.0,RIO BAMBA
140644.0,ROSALES
142462.0,SAN JOAQUIN
140651.0,SERRANO
140658.0,VILLA ROSSI
140672.0,CAPILLA DEL MONTE
140665.0,BIALET MASSE
142469.0,CABALANGO
142476.0,CASA GRANDE
142483.0,CHARBONIER
140679.0,COSQUIN
142490.0,CUESTA BLANCA
142497.0,ESTANCIA VIEJA
140686.0,HUERTA GRANDE
140693.0,LA CUMBRE
140700.0,LA FALDA
142511.0,SAN ANTONIO DE ARREDONDO
140707.0,LOS COCOS
140721.0,SANTA MARIA DE PUNILLA
142518.0,SAN ROQUE
142525.0,TALA HUASI
140728.0,TANTI
140735.0,VALLE HERMOSO
140742.0,VILLA CARLOS PAZ
140749.0,VILLA GIARDINO
142539.0,VILLA SANTA CRUZ DEL LAGO
142532.0,VILLA PARQUE SIQUIMAN
142546.0,VILLA RIO ICHO CRUZ
140756.0,ACHIRAS
140763.0,ADELIA MARIA
140770.0,ALCIRA
140777.0,ALPA CORRAL
140791.0,BULNES
140798.0,CHAJAN
142553.0,CHUCUL
140805.0,CORONEL BAIGORRIA
140812.0,CORONEL MOLDES
140819.0,ELENA
142560.0,"LA CAROLINA ""EL POTOSI"""
140826.0,LA CAUTIVA
140833.0,LAS ACEQUIAS
142567.0,LAS ALBAHACAS
140840.0,LAS HIGUERAS
142574.0,LAS PEÑAS SUD
140847.0,LAS VERTIENTES
142581.0,MALENA
140861.0,RIO CUARTO
140868.0,SAMPACHO
140875.0,SAN BASILIO
140882.0,SANTA CATALINA
142588.0,SUCO
140889.0,TOSQUITA
142595.0,VILLA EL CHACAY
142602.0,WASHINGTON
142616.0,CAÑADA DE MACHADO
142623.0,CAPILLA DE LOS REMEDIOS
142651.0,DIEGO DE ROJAS
142658.0,EL CRISPIN
142665.0,ESQUINA
142672.0,KILOMETRO 658
140903.0,LA PARA
142679.0,LA POSTA
140910.0,LA PUERTA
142686.0,LA QUINTA
142700.0,LAS SALADAS
142707.0,MAQUINISTA GALLINI
140917.0,MONTE CRISTO
140924.0,OBISPO TREJO
140931.0,PIQUILLIN
142714.0,PLAZA DE MERCEDES
142644.0,COMECHINGONES
140938.0,RIO PRIMERO
140945.0,SANTA ROSA DE RIO PRIMERO
140952.0,VILLA FONTANA
142749.0,EUFRASIO LOZA
142770.0,LOS HOYOS
142784.0,RAYO CORTADO
142791.0,SANTA ELENA
140959.0,SEBASTIAN ELCANO
142798.0,VILLA CANDELARIA NORTE
140973.0,CALCHIN
140980.0,CALCHIN OESTE
140987.0,CAPILLA DEL CARMEN
140994.0,CARRILOBO
142805.0,COLONIA VIDELA
142812.0,IMPIRA
141015.0,LAGUNA LARGA
141022.0,LAS JUNTURAS
142196.0,LOS CHAÑARITOS (C.D. EJE)
141029.0,LUQUE
141043.0,MATORRALES
141050.0,ONCATIVO
141057.0,PILAR
141064.0,POZO DEL MOLLE
142826.0,RINCON
141071.0,RIO SEGUNDO
141078.0,SANTIAGO TEMPLE
141085.0,VILLA DEL ROSARIO
142833.0,AMBUL
142840.0,ARROYO LOS PATOS
142847.0,LAS CALLES
142854.0,LAS RABONAS
141106.0,SAN PEDRO
141092.0,MINA CLAVERO
141099.0,NONO
142861.0,PANAHOLMA
142868.0,SAN LORENZO
142875.0,SAN VICENTE
142882.0,SAUCE ARRIBA
141113.0,VILLA CURA BROCHERO
142252.0,VILLA SARMIENTO (G.R.)
142889.0,CONLARA
141127.0,LA PAZ
142917.0,LOS HORNILLOS
142896.0,LA POBLACION
142924.0,LUYABA
142903.0,LAS TAPIAS
142910.0,LOS CERRILLOS
141148.0,VILLA DE LAS ROSAS
141134.0,SAN JAVIER Y YACANTO
141141.0,SAN JOSE
141155.0,VILLA DOLORES
141162.0,ALICIA
141169.0,ALTOS DE CHIPION
141176.0,ARROYITO
141183.0,BALNEARIA
142945.0,COLONIA LAS PICHANAS
141197.0,COLONIA MARINA
141204.0,COLONIA PROSPERIDAD
141211.0,COLONIA SAN BARTOLOME
142952.0,COLONIA SAN PEDRO
142959.0,COLONIA VALTELINA
141218.0,COLONIA VIGNAUD
141225.0,DEVOTO
141232.0,EL ARAÑADO
141239.0,EL FORTIN
141246.0,EL TIO
142966.0,PLAZA LUXARDO
142938.0,COLONIA ITURRASPE
141253.0,FREYRE
141260.0,LA FRANCIA
141267.0,LA PAQUITA
141274.0,LA TORDILLA
141281.0,LAS VARAS
141288.0,LAS VARILLAS
141295.0,MARULL
141302.0,MIRAMAR
141309.0,MORTEROS
141337.0,SAN FRANCISCO
141316.0,PORTEÑA
141323.0,QUEBRACHO HERRADO
141330.0,SACANTA
141344.0,SATURNINO MARIA LASPIUR
141351.0,SEEBER
142973.0,TORO PUJIO
141358.0,TRANSITO
141365.0,VILLA CONCEPCION DEL TIO
142980.0,VILLA SAN ESTEBAN
141372.0,ALTA GRACIA
142987.0,ANISACATE
141393.0,MALAGUEÑO
142994.0,BOUWER
143106.0,VILLA PARQUE SANTA ANA
141379.0,DESPEÑADEROS
143001.0,DIQUE CHICO
143008.0,FALDA DEL CARMEN
143113.0,VILLA SAN ISIDRO
143022.0,LA PAISANITA
143036.0,LA SERRANITA
143043.0,LOS CEDROS
141386.0,LOZADA
141400.0,MONTE RALO
143050.0,POTRERO DE GARAY
143057.0,RAFAEL GARCIA
143064.0,SAN CLEMENTE
141407.0,TOLEDO
143078.0,VILLA CIUDAD DE AMERICA
143085.0,VILLA DEL PRADO
143092.0,VILLA LA BOLSA
143099.0,VILLA LOS AROMOS
143120.0,CAMINIAGA
143134.0,POZO NUEVO
141421.0,ALMAFUERTE
141428.0,COLONIA ALMADA
141435.0,CORRALITO
141442.0,DALMACIO VELEZ
143141.0,GENERAL FOTHERINGHAM
141449.0,HERNANDO
141456.0,JAMES CRAIK
143148.0,LAS ISLETILLAS
141463.0,LAS PERDICES
141470.0,LOS ZORROS
141477.0,OLIVA
141484.0,PAMPAYASTA SUD
143162.0,PUNTA DEL AGUA
141491.0,RIO TERCERO
141498.0,TANCACHA
141505.0,VILLA ASCASUBI
143169.0,CANDELARIA SUD
141512.0,CAÑADA DE LUQUE
143176.0,CAPILLA DEL SITON
143190.0,LOS MISTOLES
141526.0,SARMIENTO
141533.0,SINSACATE
141540.0,VILLA DEL TOTORAL
141554.0,LUCIO V. MANSILLA
141561.0,SAN JOSE DE LA DORMIDA
141568.0,SAN JOSE DE LAS SALINAS
141575.0,SAN PEDRO NORTE
141582.0,VILLA TULUMBA
143225.0,ALDEA SANTA MARIA
141589.0,ALTO ALEGRE
143232.0,ANA ZUMARAN
141596.0,BALLESTEROS
141603.0,BALLESTEROS SUD
141610.0,BELL VILLE
141617.0,BENJAMIN GOULD
141624.0,CANALS
141631.0,CHILIBROSTE
141638.0,CINTRA
141645.0,COLONIA BISMARCK
143239.0,COLONIA BREMEN
141652.0,IDIAZABAL
141659.0,JUSTINIANO POSSE
141666.0,LABORDE
141673.0,MONTE LEÑA
141680.0,MONTE MAIZ
141687.0,MORRISON
141694.0,NOETINGER
141701.0,ORDOÑEZ
141708.0,PASCANAS
141715.0,PUEBLO ITALIANO
141722.0,SAN ANTONIO DE LITIN
141729.0,SAN MARCOS SUD
141736.0,VIAMONTE
143246.0,VILLA LOS PATOS
180007.0,BELLA VISTA
180014.0,BERON DE ASTRADA
180021.0,CORRIENTES
180028.0,RIACHUELO
180042.0,CONCEPCION
180035.0,COLONIA SANTA ROSA
180056.0,TATACUA
180063.0,CURUZU CUATIA
180070.0,PERUGORRIA
180077.0,EMPEDRADO
180091.0,PUEBLO LIBERTADOR
180098.0,ALVEAR
180105.0,ESTACION TORRENT
180119.0,ITA IBATE
180112.0,CAA CATI
180133.0,PALMAR GRANDE
180140.0,GOYA
180147.0,ITATI
180161.0,COLONIA LIEBIG'S
180168.0,ITUZAINGO
180175.0,SAN ANTONIO
180182.0,SAN CARLOS
180186.0,VILLA OLIVARI
180189.0,CRUZ DE LOS MILAGROS
180196.0,GOBERNADOR MARTINEZ
180203.0,LAVALLE
180210.0,SANTA LUCIA
180217.0,YATAYTI CALLE
180224.0,MBURUCUYA
180231.0,FELIPE YOFRE
180238.0,MARIANO I. LOZA
180245.0,MERCEDES
180252.0,COLONIA LIBERTAD
180259.0,JUAN PUJOL
180266.0,MOCORETA
180273.0,MONTE CASEROS
180280.0,BONPLAND
180287.0,PARADA PUCHETA
180294.0,PASO DE LOS LIBRES
180301.0,TAPEBICUA
180308.0,SALADAS
180315.0,SAN LORENZO
180336.0,SANTA ANA
180322.0,PASO DE LA PATRIA
180329.0,SAN COSME
180350.0,SAN LUIS DEL PALMAR
180357.0,COLONIA CARLOS PELLEGRINI
180364.0,GUAVIRAVI
180371.0,LA CRUZ
180378.0,YAPEYU
180385.0,LORETO
180392.0,SAN MIGUEL
180399.0,9 DE JULIO
180406.0,PEDRO R. FERNANDEZ
180420.0,SAN ROQUE
180441.0,JOSE RAFAEL GOMEZ
180434.0,GOBERNADOR ING. VALENTIN VIRASORO
180448.0,SANTO TOME
180455.0,SAUCE
220007.0,CONCEPCION DEL BERMEJO
220014.0,LOS FRENTONES
220021.0,PAMPA DEL INFIERNO
220028.0,TACO POZO
220035.0,GENERAL VEDIA
220042.0,ISLA DEL CERRITO
220049.0,LA LEONESA
220056.0,LAS PALMAS
220063.0,PUERTO BERMEJO
220070.0,PUERTO EVA PERON
220077.0,PRESIDENCIA ROQUE SAENZ PEÑA
220084.0,CHARATA
220098.0,GENERAL CAPDEVILA
220105.0,GENERAL PINEDO
220112.0,HERMOSO CAMPO
220119.0,CHOROTIS
220126.0,SANTA SYLVINA
220113.0,CORZUELA
220154.0,LA VERDE
220147.0,LAPACHITO
220161.0,MAKALLE
220203.0,VILLA RIO BERMEJITO
220168.0,EL SAUZALITO
220175.0,FUERTE ESPERANZA
220182.0,JUAN JOSE CASTELLI
220210.0,AVIA TERAI
220217.0,CAMPO LARGO
220224.0,NAPENAY
220254.0,PUERTO TIROL
220238.0,LAGUNA BLANCA
220252.0,CIERVO PETISO
220259.0,GRAL. SAN MARTENGENERAL SAN MARTIN
220266.0,LA EDUVIGIS
220273.0,LAGUNA LIMPIA
220287.0,PAMPA DEL INDIO
220294.0,PRESIDENCIA ROCA
220301.0,TRES ISLETAS
220308.0,CORONEL DU GRATY
220315.0,ENRIQUE URIEN
220322.0,VILLA ÁNGELA
220329.0,LAS BREÑAS
220343.0,LA TIGRA
220350.0,SAN BERNARDO
220357.0,PRESIDENCIA DE LA PLAZA
220364.0,COLONIA BENITEZ
220378.0,QUITILIPI
220385.0,BARRANQUERAS
220413.0,RESISTENCIA
220399.0,FONTANA
220406.0,PUERTO VILELAS
220420.0,SAMUHU
220427.0,VILLA BERTHET
220434.0,CAPITAN SOLARI
220441.0,COLONIAS ELISA
220448.0,COLONIAS UNIDAS
220455.0,LAS GARCITAS
220469.0,CHARADAI
220476.0,MACHAGAI
260007.0,PUERTO MADRYN
260028.0,EL MAITEN
260014.0,CHOLILA
268014.0,CUSHAMEN
260021.0,EL HOYO
260035.0,EPUYEN
265007.0,GUALJAINA
260049.0,COMODORO RIVADAVIA
260056.0,RADA TILLY
260063.0,CAMARONES
260084.0,TREVELIN
260070.0,CORCOVADO
268028.0,DIQUE FLORENTINO AMEGHINO
260091.0,DOLAVON
260098.0,GAIMAN
268035.0,GASTRE
268056.0,CARRENLEUFU
268070.0,PASO DEL SAPO
260105.0,TECKA
268077.0,LAS PLUMAS
260112.0,RAWSON
260119.0,TRELEW
268091.0,ALDEA BELEIRO
268098.0,DOCTOR RICARDO ROJAS
268105.0,FACUNDO
268119.0,BUEN PASTO
260140.0,SARMIENTO
268147.0,DR. ATILIO OSCAR VIGLIONE
260154.0,JOSE DE SAN MARTIN
260161.0,RIO PICO
340007.0,LAGUNA YEMA
345007.0,LOS CHIRIGUANOS
345014.0,COLONIA PASTORIL
340028.0,FORMOSA
345021.0,GRAN GUARDIA
340056.0,HERRADURA
340070.0,VILLA ESCOLAR
340098.0,ESTANISLAO DEL CAMPO
345042.0,FORTIN LUGONES
340126.0,IBARRETA
340133.0,LAS LOMITAS
340147.0,SAN MARTIN DOS
345049.0,SUBTENIENTE PERIN
340119.0,GENERAL GÜEMES
340112.0,GENERAL BELGRANO
345056.0,BUENA VISTA
340168.0,ESPINILLO
349105.0,PORTON NEGRO
345063.0,TRES LAGUNAS
340169.0,LAGUNA BLANCA
340203.0,LAGUNA NAIK NECK
345070.0,SIETE PALMAS
340231.0,MAYOR VICENTE E. VILLAFAÑE
340224.0,EL COLORADO
340238.0,PALO SANTO
340245.0,PIRANE
340259.0,GENERAL MOSCONI
386007.0,ABDON CASTRO TOLAY
380014.0,ABRA PAMPA
386021.0,PUESTO DEL MARQUES
386035.0,AGUAS CALIENTES
380063.0,MONTERRICO
380077.0,PERICO
386049.0,PUESTO VIEJO
386042.0,PAMPA BLANCA
380035.0,SAN SALVADOR DE JUJUY
386028.0,YALA
380105.0,HUMAHUACA
380091.0,EL AGUILAR
386063.0,TRES CRUCES
380147.0,YUTO
380126.0,CALILEGUA
380119.0,CAIMANCITO
380133.0,FRAILE PINTADO
380140.0,LIBERTADOR GENERAL SAN MARTIN
380154.0,PALPALA
386077.0,RINCONADA
386140.0,CUSI CUSI
386091.0,ARRAYANAL
380224.0,SAN PEDRO DE JUJUY
380196.0,LA ESPERANZA
380203.0,LA MENDIETA
386105.0,RODEITO
386098.0,EL FUERTE
380238.0,EL TALAR
380245.0,PALMA SOLA
386126.0,VINALITO
386133.0,CIENEGUILLAS
386147.0,SANTA CATALINA
386154.0,CATUA
386168.0,SUSQUES
386175.0,HUACALERA
386182.0,MAIMARA
386189.0,PURMAMARCA
386196.0,TUMBAYA
386210.0,CASPALA
386217.0,PAMPICHUELA
386224.0,SAN FRANCISCO
386238.0,VALLE GRANDE
386245.0,BARRIOS
386252.0,CANGREJILLOS
386259.0,EL CONDOR
380406.0,LA QUIACA
386273.0,YAVI
420112.0,DOBLAS
420231.0,MACACHIN
420259.0,MIGUEL RIGLOS
420322.0,ROLON
420364.0,TOMAS MANUEL ANCHORENA
420189.0,LA ADELA
420028.0,ANGUIL
420378.0,URIBURU
420217.0,LONQUIMAY
420098.0,CONHELO
420119.0,EDUARDO CASTEX
420238.0,MAURICIO MAYER
420266.0,MONTE NIEVAS
425133.0,RUCANELO
420413.0,WINIFREDA
425070.0,GOBERNADOR DUVAL
420329.0,SANTA ISABEL
420049.0,BERNARDO LARROUDE
420084.0,CEBALLOS
420105.0,CORONEL HILARIO LAGOS
425140.0,SARAH
420392.0,VERTIZ
420011.0,ALGARROBO DEL ÁGUILA
420014.0,ALPACHIRI
420161.0,GUATRACHE
425105.0,PERU
420343.0,SANTA TERESA
420007.0,ABRAMO
420056.0,BERNASCONI
420154.0,GENERAL SAN MARTIN
420182.0,JACINTO ARAUZ
425042.0,CUCHILLO CO
425077.0,LA REFORMA
425084.0,LIMAY MAHUIDA
425091.0,LOVENTUE
420224.0,LUAN TORO
420350.0,TELEN
420399.0,VICTORICA
420116.0,DORILA
425147.0,SPELUZZI
422007.0,CASA DE PIEDRA
420287.0,PUELEN
420385.0,VEINTICINCO DE MAYO
420091.0,COLONIA BARON
420252.0,MIGUEL CANE
420301.0,QUEMU QUEMU
425126.0,RELMO
420406.0,VILLA MIRASOL
420063.0,CALEUFU
420210.0,LA MARUJA
420273.0,PARERA
425112.0,PICHI HUINCA
425119.0,QUETREQUEN
420308.0,RANCUL
425007.0,ADOLFO VAN PRAET
420021.0,ALTA ITALIA
425098.0,MAISONNAVE
420357.0,TOAY
420042.0,ATALIVA ROCA
420245.0,METILEO
425028.0,COLONIA SANTA MARIA
420133.0,GENERAL ACHA
420294.0,QUEHUE
460007.0,ARAUCO
460014.0,CAPITAL
460028.0,CORONEL FELIPE VARELA
425049.0,CHACHARRAMENDI
460042.0,CHILECITO
460049.0,FAMATINA
460056.0,GENERAL ÁNGEL VICENTE PEÑALOZA
460063.0,GENERAL BELGRANO
460084.0,GENERAL OCAMPO
460098.0,VINCHINA
460105.0,INDEPENDENCIA
460119.0,SAN BLAS DE LOS SAUCES
460126.0,SANAGASTA
500007.0,CAPITAL
500021.0,GODOY CRUZ
500028.0,GUAYMALLEN
500035.0,JUNIN
500049.0,LAS HERAS
500063.0,LUJAN DE CUYO
500056.0,LAVALLE
500070.0,MAIPU
500084.0,RIVADAVIA
500091.0,SAN CARLOS
500098.0,SAN MARTIN
500105.0,SAN RAFAEL
500112.0,SANTA ROSA
500126.0,TUPUNGATO
540014.0,AZARA
540021.0,SAN JOSE
540028.0,TRES CAPONES
540035.0,ARISTOBULO DEL VALLE
540049.0,DOS DE MAYO
540063.0,CANDELARIA
540056.0,BONPLAND
540070.0,CERRO CORA
540077.0,LORETO
540091.0,PROFUNDIDAD
540098.0,SANTA ANA
540119.0,POSADAS
540126.0,CONCEPCION DE LA SIERRA
540147.0,COLONIA VICTORIA
540140.0,COLONIA DELICIA
540168.0,SANTIAGO DE LINIERS
540182.0,COMANDANTE A. GUACURARY
540175.0,BERNARDO DE IRIGOYEN
540189.0,SAN ANTONIO
540196.0,EL SOBERBIO
540224.0,LIBERTAD
540217.0,IGUAZU
540231.0,COLONIA WANDA
540238.0,ALMAFUERTE
540245.0,ARROYO DEL MEDIO
540252.0,CAA YARI
540259.0,CERRO AZUL
540266.0,DOS ARROYOS
540273.0,GOBERNADOR LOPEZ
540280.0,LEANDRO N. ALEM
540287.0,OLEGARIO V. ANDRADE
540294.0,CAPIOVI
540322.0,PUERTO RICO
540301.0,EL ALCAZAR
540308.0,GARUHAPE
540315.0,LEONI
540329.0,RUIZ DE MONTOYA
540336.0,CARAGUATAY
540350.0,PUERTO PIRAY
540371.0,COLONIA ALBERDI
540392.0,LOS HELECHOS
540357.0,CAMPO RAMON
540364.0,CAMPO VIERA
540399.0,OBERA
540378.0,GRAL. ALVEAR
540385.0,GUARANI
540406.0,PANAMBI
540413.0,SAN MARTIN
540469.0,SANTO PIPO
540420.0,COLONIA POLANA
540462.0,SAN IGNACIO
540441.0,GOBERNADOR ROCA
540448.0,HIPOLITO IRIGOYEN
540455.0,JARDIN AMERICA
540476.0,AMEGHINO
540490.0,MOJON GRANDE
540504.0,SAN PEDRO
540518.0,COLONIA AURORA
540525.0,25 DE MAYO
580252.0,VILLA PEHUENIA
585014.0,AGUADA SAN ROQUE
580021.0,SAN PATRICIO DEL CHAÑAR
580035.0,PIEDRA DEL ÁGUILA
585035.0,SANTO TOMAS
580077.0,SENILLOSA
580091.0,VISTA ALEGRE
580049.0,CUTRAL CO
580084.0,VILLA EL CHOCON
580056.0,NEUQUEN
580063.0,PLAZA HUINCUL
580070.0,PLOTTIER
580098.0,CHOS MALAL
580105.0,TRICAO MALAL
585056.0,VILLA CURI LEUVU
580112.0,JUNIN DE LOS ANDES
580119.0,SAN MARTIN DE LOS ANDES
585063.0,CHORRIACA
580126.0,LONCOPUE
580133.0,VILLA LA ANGOSTURA
585070.0,VILLA TRAFUL
580140.0,ANDACOLLO
580154.0,LAS OVEJAS
580161.0,LOS MICHES
585084.0,MANZANO AMARGO
585098.0,VILLA DEL NAHUEVE
580168.0,CAVIAHUE-COPAHUE
580182.0,EL HUECU
580196.0,BARRANCAS
580203.0,BUTA RANQUIL
580210.0,RINCON DE LOS SAUCES
585112.0,EL SAUCE
585119.0,PASO AGUERRE
580231.0,LAS LAJAS
585140.0,LOS CATUTOS
580238.0,MARIANO MORENO
585147.0,RAMON CASTRO
580245.0,ZAPALA
620014.0,VIEDMA
620007.0,GUARDIA MITRE
625014.0,SAN JAVIER
620021.0,CHIMPAY
620028.0,CHOELE CHOEL
620035.0,CORONEL BELISLE
620042.0,DARWIN
620049.0,LAMARQUE
620056.0,LUIS BELTRAN
620063.0,POMONA
620077.0,SAN CARLOS DE BARILOCHE
620070.0,EL BOLSON
625028.0,EL MANSO
620084.0,GRAL. CONESA
625077.0,AGUADA GUZMAN
620091.0,ALLEN
625056.0,EL CUY
620133.0,CIPOLLETTI
625070.0,MENCUEN
625098.0,NAUPA HUEN
620161.0,GRAL. ROCA
625112.0,VALLE AZUL
620140.0,CONTRALMIRANTE CORDERO
625105.0,PEÑAS BLANCAS
620098.0,CAMPO GRANDE
620112.0,CERVANTES
620168.0,INGENIERO HUERGO
620175.0,MAINQUE
620119.0,CHICHINALES
620182.0,VILLA REGINA
620147.0,GRAL. ENRIQUE GODOY
625210.0,COMICO
620189.0,MINISTRO RAMOS MEXIA
625259.0,PRAHUANIYEU
620196.0,SIERRA COLORADA
625245.0,OJOS DE AGUA
625266.0,RIO CHICO
620210.0,RÌO COLORADO
620217.0,COMALLO
620273.0,DINA HUAPI
625231.0,LAGUNA BLANCA
625140.0,PILQUINIYEU DEL LIMAY
625042.0,VILLA LLANQUIN
620231.0,SAN ANTONIO OESTE
620238.0,SIERRA GRANDE
625147.0,ARROYO LOS BERROS
625154.0,ARROYO VENTANA
625182.0,NAHUEL NIYEU
625189.0,SIERRA PAILEMAN
620245.0,VALCHETA
625196.0,AGUADA DE GUERRA
625217.0,CLEMENTE ONELLI
625203.0,COLAN CONHUE
625224.0,EL CAIN
620259.0,LOS MENUCOS
620266.0,MAQUINCHAO
625252.0,PILQUINIYEU
660028.0,JOAQUIN V. GONZALEZ
660021.0,GENERAL PIZARRO
660035.0,LAS LAJITAS
660042.0,CACHI
660049.0,PAYOGASTA
660070.0,SAN LORENZO
660063.0,SALTA
660077.0,CERRILLOS
660084.0,LA MERCED
660098.0,EL CARRIL
660105.0,CAMPO SANTO
660112.0,EL BORDO
660119.0,GENERAL GÜEMES
660126.0,AGUARAY
660133.0,EMBARCACION
660154.0,PROFESOR SALVADOR MAZZA
660140.0,GENERAL BALLIVIAN
660161.0,TARTAGAL
660175.0,IRUYA
660182.0,ISLA DE CAÑAS
660189.0,LA CALDERA
660196.0,VAQUEROS
660203.0,EL JARDIN
660210.0,EL TALA
660238.0,LA VIÑA
660231.0,CORONEL MOLDES
660245.0,SAN ANTONIO DE LOS COBRES
660280.0,RIO PIEDRAS
660266.0,METAN
660273.0,MOLINOS
660287.0,SECLANTAS
660294.0,COLONIA SANTA ROSA
660301.0,HIPOLITO YRIGOYEN
660308.0,PICHANAL
660322.0,URUNDEL
660343.0,SANTA VICTORIA ESTE
660329.0,RIVADAVIA BANDA NORTE
660350.0,EL POTRERO
660378.0,ANGASTACO
660385.0,ANIMANA
660392.0,SAN CARLOS
660406.0,NAZARENO
700007.0,ALBARDON
700014.0,ANGACO
700021.0,CALINGASTA
700028.0,SAN JUAN
700042.0,CHIMBAS
700056.0,JACHAL
700077.0,RAWSON
700084.0,RIVADAVIA
700091.0,SAN MARTIN
700098.0,SANTA LUCIA
700105.0,SARMIENTO
700112.0,ULLUM
746007.0,LEANDRO N. ALEM
740014.0,LUJAN
740021.0,QUINES
740028.0,SAN FRANCISCO
746014.0,LA CALERA
746021.0,NOGOLI
746028.0,"V, DE LA QUEBRADA"
740035.0,"V, GRAL, ROCA"
746042.0,EL TRAPICHE
746049.0,FRAGA
746063.0,SALADILLO
740049.0,CONCARAN
746077.0,PAPAGAYOS
746084.0,RENCA
746091.0,SAN PABLO
740063.0,TILISARAO
746098.0,VILLA DEL CARMEN
746105.0,VILLA LARCA
749119.0,JUAN JORBA
746126.0,JUAN LLERENA
740070.0,JUSTO DARACT
746133.0,LA PUNILLA
746140.0,LAVAISSE
740073.0,RANQUELES
746112.0,SAN JOSE DEL MORRO
746147.0,ANCHORENA
746161.0,BAGUAL
746168.0,BATAVIA
740084.0,BUENA ESPERANZA
749182.0,FORTUNA
746196.0,NUEVA GALIA
746203.0,CARPINTERIA
740105.0,MERLO
746210.0,LAFINUR
746217.0,LOS MOLLES
740098.0,STA ROSA DEL CONLARA
746224.0,TALITA
746238.0,ALTO PENCOSO
746245.0,BALDE
746252.0,BEAZLEY
746280.0,ZANJITAS
740108.0,DESAGUADERO
746259.0,EL VOLCAN
749007.0,LA PUNTA
746266.0,P. DE LOS FUNES
746273.0,SAN JERONIMO
740133.0,SAN LUIS
746287.0,LAS VERTIENTES
746301.0,LAS CHACRAS
746308.0,LAS LAGUNAS
740140.0,SAN MARTIN
746322.0,"V, DE PRAGA"
820007.0,ARMSTRONG
820014.0,LAS PAREJAS
820021.0,LAS ROSAS
822028.0,AREQUITO
822035.0,ARTEAGA
822042.0,BERABEVU
822049.0,BIGAND
820028.0,CASILDA
822056.0,CHABAS
822063.0,CHAÑAR LADEADO
822070.0,GÖDEKEN
822098.0,SANFORD
822112.0,ANGELICA
822119.0,ATALIVA
822126.0,AURELIA
822280.0,JOSEFINA
822133.0,BAUER Y SIGEL
822140.0,BELLA ITALIA
822168.0,CASTELLANOS
822154.0,COLONIA BICHA
822175.0,COLONIA CELLO
822189.0,COLONIA MARGARITA
822196.0,COLONIA RAQUEL
822203.0,CORONEL FRAGA
822210.0,EGUSQUIZA
822224.0,ESTACION CLUCELLAS
822336.0,SAGUIER
822231.0,EUSEBIA Y CAROLINA
822259.0,GARIBALDI
822273.0,HUMBERTO PRIMO
822294.0,MARIA JUANA
822308.0,PLAZA CLUCELLAS
822315.0,PRESIDENTE ROCA
822322.0,PUEBLO MARINI
820042.0,RAFAELA
822329.0,RAMONA
822343.0,SAN ANTONIO
822350.0,SAN VICENTE
822357.0,SANTA CLARA DE SAGUIER
820049.0,SUNCHALES
822364.0,SUSANA
822392.0,VILLA SAN JOSE
822399.0,VIRGINIA
822406.0,ZENON PEREYRA
822413.0,ALCORTA
822441.0,EMPALME VILLA CONSTITUCION
820063.0,FIRMAT
822469.0,JUNCAL
822476.0,LA VANGUARDIA
822497.0,PAVON ARRIBA
822504.0,PEYRANO
822525.0,SARGENTO CABRAL
822553.0,HELVECIA
822560.0,SALADERO MARIANO CABAL
822588.0,CAFFERATA
822602.0,CARMEN
822609.0,CARRERAS
822616.0,CHAPUY
822623.0,CHOVET
822630.0,CHRISTOPHERSEN
822644.0,ELORTONDO
822651.0,HUGHES
822665.0,LABORDEBOY
822672.0,LAZZARINO
822679.0,MAGGIOLO
820070.0,RUFINO
822714.0,SAN EDUARDO
822721.0,SAN FRANCISCO DE SANTA FE
822728.0,SAN GREGORIO
822735.0,SANCTI SPIRITU
822749.0,TEODELINA
820277.0,VENADO TUERTO
820084.0,VILLA CAÑAS
822756.0,WHEELWRIGHT
822763.0,ARROYO CEIBAL
820091.0,AVELLANEDA
822777.0,EL ARAZA
822784.0,EL RABON
822798.0,FLORENCIA
822805.0,GUADALUPE NORTE
822819.0,LA SARITA
822826.0,LANTERI
822833.0,LAS GARZAS
820098.0,LAS TOSCAS
822840.0,LOS LAURELES
820105.0,MALABRIGO
820112.0,RECONQUISTA
822854.0,SAN ANTONIO DE OBLIGADO
822861.0,TACUARENDI
822868.0,VILLA ANA
822875.0,VILLA GUILLERMINA
822882.0,BUSTINZA
822889.0,CARRIZALES
822896.0,CLASON
822903.0,CORREA
822910.0,LUCIO V. LOPEZ
822917.0,OLIVEROS
822924.0,PUEBLO ANDINO
822931.0,SALTO GRANDE
822945.0,VILLA ELOISA
823001.0,MONTE VERA
822952.0,ARROYO AGUIAR
822959.0,ARROYO LEYES
822973.0,CAMPO ANDINO
822980.0,CANDIOTI
822987.0,EMILIA
820140.0,LAGUNA PAIVA
823008.0,NELSON
823022.0,SAN JOSE DEL RINCON
820147.0,SANTA FE
820154.0,SANTO TOME
823036.0,CAVOUR
823057.0,ELISA
823064.0,EMPALME SAN CARLOS
820161.0,ESPERANZA
823078.0,FRANCK
823085.0,GRUTLY
823092.0,HIPATIA
823099.0,HUMBOLDT
823113.0,JACINTO L. ARAUZ
823127.0,LAS TUNAS
823134.0,MARIA LUISA
823141.0,MATILDE
823162.0,PROGRESO
823190.0,SA PEREYRA
823197.0,SAN AGUSTIN
820168.0,SAN CARLOS CENTRO
823204.0,SAN CARLOS NORTE
823211.0,SAN CARLOS SUD
823218.0,SAN JERONIMO DEL SAUCE
823239.0,SANTA CLARA DE BUENA VISTA
823260.0,SANTO DOMINGO
823267.0,SARMIENTO
823281.0,ESTEBAN RAMS
823288.0,GATO COLORADO
823295.0,GREGORIA PEREZ DE DENIS
823316.0,MONTEFIORE
823323.0,POZO BORRADO
823330.0,SAN BERNARDO
823337.0,SANTA MARGARITA
820175.0,TOSTADO
823344.0,VILLA MINETTI
823351.0,ACEBAL
823358.0,ALBARELLOS
823365.0,ÁLVAREZ
823379.0,ARMINDA
820182.0,ARROYO SECO
823386.0,CARMEN DEL SAUCE
823393.0,CORONEL BOGADO
823470.0,CORONEL DOMINGUEZ
820196.0,GRANADERO BAIGORRIA
823414.0,IBARLUCEA
823421.0,PIÑERO
823442.0,SOLDINI
823456.0,VILLA AMELIA
820217.0,VILLA GOBERNADOR GALVEZ
823484.0,AMBROSETTI
823491.0,ARRUFO
823554.0,HUANQUEROS
823498.0,CAPIVARA
820224.0,CERES
823512.0,COLONIA BOSSI
823519.0,COLONIA ROSA
823526.0,CONSTANZA
823547.0,HERSILIA
823575.0,LA LUCILA
823582.0,LA RUBIA
823596.0,LAS PALMERAS
823610.0,MONIGOTES
823624.0,ÑANDUCITA
823631.0,PALACIOS
820231.0,SAN CRISTOBAL
823645.0,SAN GUILLERMO
823659.0,SOLEDAD
823666.0,SUARDI
823680.0,VILLA TRINIDAD
823701.0,COLONIA DURAN
823715.0,ROMANG
820238.0,SAN JAVIER
823722.0,AROCENA
823729.0,BARRANCAS
823750.0,CASALEGNO
823757.0,CENTENO
820245.0,CORONDA
823771.0,DIAZ
823778.0,GABOTO
823785.0,GESSLER
823792.0,PUEBLO IRIGOYEN
823799.0,LARRECHEA
823813.0,LOPEZ
823820.0,MACIEL
823834.0,SAN EUGENIO
823869.0,CAYASTACITO
823876.0,COLONIA DOLORES
823883.0,ESTHER
823911.0,LA PENCA Y CARAGUATA
823918.0,MARCELINO ESCALADA
823925.0,NARE
823932.0,PEDRO GOMEZ CELLO
823939.0,RAMAYON
823946.0,SAN BERNARDO
820259.0,SAN JUSTO
823967.0,VERA Y PINTADO
820266.0,CAPITAN BERMUDEZ
820273.0,CARCARAÑA
823988.0,CORONEL ARNOLD
820280.0,FRAY LUIS BELTRAN
824009.0,PUJATO
824016.0,RICARDONE
824023.0,SAN JERONIMO SUD
824030.0,TIMBUES
824037.0,VILLA MUGUETA
824044.0,CAÑADA ROSQUIN
824058.0,CASAS
824065.0,CASTELAR
820308.0,EL TREBOL
824086.0,LANDETA
824093.0,LAS BANDURRIAS
824107.0,LOS CARDOS
824114.0,MARIA SUSANA
824121.0,PIAMONTE
820315.0,SAN JORGE
824128.0,SAN MART
820322.0,SASTRE
824135.0,TRAILL
824170.0,INTIYACO
824156.0,GARABATO
824163.0,GOLONDRINA
824177.0,LA GALLARETA
824184.0,LOS AMORES
820336.0,VERA
824205.0,TOBA
908021.0,EL NARANJO Y EL SUNCHAL
908014.0,EL CHAÑAR
908042.0,GARMENDIA
908056.0,LA RAMADA Y LA CRUZ
908007.0,7 DE ABRIL
908063.0,BENJAMIN ARAOZ Y EL TAJAMAR
908070.0,VILLA PADRE MONTI
908077.0,COLOMBRES
908133.0,LOS PEREZ
908112.0,LAS CEJAS
908140.0,LOS RALOS
908147.0,RANCHILLOS Y SAN MIGUEL
908168.0,ALTO VERDE Y LOS GUCHEA
908175.0,ARCADIA
900035.0,MUNICIPALIDAD DE CONCEPCION
908196.0,MEDINA
900042.0,MUNICIPALIDAD DE FAMAILLA
900049.0,MUNICIPALIDAD DE GRANEROS
900056.0,MUNICIPALIDAD DE JUAN BAUTISTA ALBERDI
908224.0,COMUNA VILLA BELGRANO
908434.0,SARGENTO MOYA
908441.0,SOLDADO MALDONADO
908448.0,TENIENTE BERDINA
908455.0,VILLA QUINTEROS
900091.0,MUNICIPALIDAD DE AGUILARES
908469.0,LOS SARMIENTO Y LA TIPA
908483.0,SANTA ANA
908490.0,ATAHONA
908518.0,MONTEAGUDO
900098.0,MUNICIPALIDAD DE SIMOCA
900063.0,MUNICIPALIDAD DE LA COCHA
908259.0,SAN JOSE DE LA COCHA
908294.0,ESTACION ARAOZ Y TACANAS
908315.0,LOS PUESTOS
908322.0,MANUEL GARCIA FERNANDEZ
908336.0,RIO COLORADO
908350.0,VILLA DE LEALES
908378.0,ACHERAL
900084.0,MUNICIPALIDAD DE MONTEROS
908553.0,VILLA DE CHICLIGASTA
908567.0,AMAICHA DEL VALLE
908574.0,COLALAO DEL VALLE
908581.0,EL MOLLAR
900105.0,MUNICIPALIDAD DE TAFI DEL VALLE
908616.0,LOS NOGALES
900112.0,MUNICIPALIDAD DE LAS TALITAS
908630.0,SAN PEDRO DE COLALAO
900126.0,MUNICIPALIDAD DE TRANCAS
940014.0,USHUAIA
940007.0,RIO GRANDE
540084.0,MARTIRES
700070.0,POCITO
822007.0,BOUQUET
822147.0,COLONIA ALDAO
820126.0,CAÑADA DE GOMEZ
823232.0,SAN MARIANO
820252.0,GALVEZ
823960.0,SILVA
900028.0,MUNICIPALIDAD DE BANDA DEL RIO SALI
908546.0,SANTA CRUZ Y LA TUNA
585105.0,OCTAVIO PICO
740119.0,JUANA KOSLAY
822637.0,DIEGO DE ALVEAR
908189.0,TRINIDAD
908357.0,EL MANANTIAL
740038.0,ESTANCIA GRANDE
746189.0,NAVIA
822287.0,LEHMANN
820144.0,RECREO
823904.0,LA CRIOLLA
908623.0,CHOROMORO
824191.0,MARGARITA
580147.0,HUINGANCO
140217.0,DEL CAMPILLO
140322.0,LUCA
142441.0,VILLA DE POCHO
142504.0,MAYU SUMAJ
140714.0,SAN ESTEBAN
140896.0,VICUÑA MACKENNA
142735.0,CERRO COLORADO
140966.0,VILLA DE MARIA
141001.0,COLAZO
141036.0,MANFREDI
141190.0,BRINKMANN
143071.0,VALLE DE ANISACATE
141414.0,SAN FRANCISCO DEL CHAÑAR
143155.0,PAMPAYASTA NORTE
143183.0,LA PAMPA
141519.0,LAS PEÑAS
143197.0,SIMBOLAR
143211.0,EL RODEO
180084.0,ESQUINA
180126.0,LOMAS DE VALLEJOS
180137.0,CAROLINA
180417.0,COLONIA PANDO
180427.0,GARRUCHOS
220091.0,GANCEDO
220140.0,LA ESCONDIDA
220231.0,COLONIA POPULAR
220371.0,MARGARITA BELEN
220392.0,BASAIL
260042.0,LAGO PUELO
265014.0,28 DE JULIO
268063.0,COLAN CONHUE
268084.0,LOS ALTARES
260126.0,ALTO RIO SENGUER
260133.0,RIO MAYO
260147.0,GOBERNADOR COSTA
345028.0,SAN HILARIO
340091.0,COMANDANTE FONTANA
340140.0,POZO DEL TIGRE
380056.0,EL CARMEN
386056.0,HIPOLITO YRIGOYEN
386084.0,SAN ANTONIO
386112.0,ROSARIO DE RIO GRANDE
386119.0,EL PIQUETE
380252.0,SANTA CLARA
386203.0,VOLCAN
386231.0,SANTA ANA
386266.0,PUMAHUASI
420336.0,SANTA ROSA
420077.0,CATRILO
420070.0,CARRO QUEMADO
420147.0,GENERAL PICO
420168.0,INGENIERO LUIGGI
420315.0,REALICO
460077.0,GENERAL LAMADRID
460091.0,GENERAL SAN MARTIN
460112.0,ROSARIO VERA PEÑALOZA
500014.0,GENERAL ALVEAR
500042.0,LA PAZ
500119.0,TUNUYAN
540042.0,CAMPO GRANDE
540154.0,ELDORADO
540161.0,9 DE JULIO
540343.0,MONTECARLO
540483.0,ITACARUARE
540497.0,SAN JAVIER
540511.0,ALBA POSSE
580007.0,ALUMINE
580014.0,AÑELO
580042.0,CENTENARIO
585091.0,VARVARCO - INVERNADA VIEJA
580175.0,EL CHOLAR
580224.0,BAJADA DEL AGRIO
585126.0,QUILI MALAL
620154.0,GRAL. FDEZ. ORO
620105.0,CATRIEL
620126.0,CINCO SALTOS
625161.0,CONA NIYEU
625238.0,MAMUEL CHOIQUE
620203.0,ÑORQUINCO
625168.0,AGUADA CECILIO
620252.0,ING. JACOBACCI
660007.0,APOLINARIO SARAVIA
660056.0,CAFAYATE
660091.0,CHICOANA
660147.0,GENERAL MOSCONI
660168.0,GUACHIPAS
660252.0,TOLAR GRANDE
660259.0,EL GALPON
660336.0,RIVADAVIA BANDA SUR
660357.0,ROSARIO DE LA FRONTERA
660371.0,ROSARIO DE LERMA
660413.0,SANTA VICTORIA OESTE
660399.0,LOS TOLDOS
700035.0,CAUCETE
700049.0,IGLESIA
700063.0,9 DE JULIO
700119.0,VALLE FERTIL
700133.0,ZONDA
740007.0,CANDELARIA
746035.0,CAROLINA
740042.0,LA TOMA
746070.0,CORTADERAS
749175.0,FORTIN EL PATRIA
740091.0,UNION
822014.0,MONTES DE OCA
822021.0,TORTUGAS
822084.0,LOS QUIRQUINCHOS
822105.0,VILLADA
820035.0,FRONTERA
822371.0,TACURAL
822385.0,VILA
820056.0,VILLA CONSTITUCION
822427.0,CAÑADA RICA
822434.0,CEPEDA
822455.0,GODOY
822518.0,SANTA TERESA
822532.0,THEOBALD
822539.0,CAYASTA
822581.0,AMENABAR
822595.0,CAÑADA DEL UCLE
822658.0,LA CHISPA
822686.0,MARIA TERESA
822707.0,MURPHY
820133.0,TOTORAS
823050.0,CULULU
823120.0,LA PELADA
820203.0,PEREZ
823449.0,URANGA
823463.0,ZAVALLA
823708.0,LA BRAVA
823764.0,DESVIO ARIJON
823736.0,BERNARDO DE IRIGOYEN
823806.0,LOMA ALTA
823841.0,SAN FABIAN
820256.0,SAN GENARO
823981.0,ALDAO
823995.0,FUENTES
820294.0,ROLDAN
820301.0,SAN LORENZO
824079.0,CRISPI
824142.0,CAÑADA OMBU
908049.0,GDOR. PIEDRABUENA
908084.0,DELFIN GALLO
908154.0,SAN ANDRES
908161.0,ALPACHIRI Y EL MOLINO
908210.0,TACO RALO
908532.0,RIO CHICO Y NUEVA TRINIDAD
900070.0,MUNICIPALIDAD DE BELLA VISTA
908343.0,SANTA ROSA DE LEALES Y L. BLANCA
900077.0,MUNICIPALIDAD DE LULES
908392.0,CAPITAN CACERES
908406.0,LEON ROUGES Y SANTA ROSA
900119.0,MUNICIPALIDAD DE TAFI VIEJO
908602.0,EL CADILLAL
908560.0,MUNICIPALIDAD DE YERBA BUENA
908644.0,CEVIL REDONDO
942007.0,TOLHUIN
823477.0,AGUARA GRANDE
823890.0,GOBERNADOR CRESPO
220280.0,PAMPA ALMIRON
386070.0,MINA PIRQUITAS
380329.0,TILCARA
420280.0,PUELCHES
425014.0,AGUSTONI
460021.0,CASTRO BARROS
142287.0,LOS POZOS
140784.0,BERROTARAN
180049.0,TABAY
220336.0,LA CLOTILDE
220462.0,COTE LAI
260077.0,ESQUEL
265021.0,PASO DE INDIOS
340049.0,GENERAL LUCIO VICTORIO MANSILLA
340063.0,MISION SAN FRANCISCO DE LAISHI
386161.0,CORANZULI
420175.0,INTENDENTE ALVEAR
420140.0,GENERAL CAMPOS
460035.0,CHAMICAL
460070.0,GENERAL JUAN FACUNDO QUIROGA
500077.0,MALARGÜE
540133.0,SANTA MARIA
540203.0,SAN VICENTE
540210.0,PUERTO ESPERANZA
540427.0,CORPUS
540434.0,GENERAL J. J. URQUIZA
580217.0,PICUN LEUFU
625119.0,RINCON DE TRENETA
620224.0,PILCANIYEU
660224.0,LA POMA
660364.0,CAMPO QUIJANO
740056.0,NASCHEL
746315.0,PASO GRANDE
822217.0,ESMERALDA
822238.0,EUSTOLIA
822420.0,BOMBAL
822448.0,GENERAL GELLY
822483.0,M9XIMO PAZ
822574.0,AARON CASTELLANOS
822693.0,MELINCUE
822770.0,BERNA
822812.0,INGENIERO CHANOURDIE
822994.0,LLAMBI CAMPBELL
823225.0,SAN JERONIMO NORTE
823372.0,ALVEAR
823407.0,GENERAL LAGOS
823435.0,PUEBLO MUÑOZ
823589.0,LAS AVISPAS
823603.0,MOISES VILLE
823687.0,ALEJANDRA
823694.0,CACIQUE ARIACAIQUIN
823827.0,MONJE
823862.0,ANGELONI
824100.0,LAS PETACAS
824149.0,FORTIN OLMOS
900021.0,MUNICIPALIDAD DE ALDERETES
908105.0,LA FLORIDA Y LUISIANA
908427.0,SANTA LUCIA
900014.0,MUNICIPALIDAD DE SAN MIGUEL DE TUCUMAN
908371.0,SAN PABLO Y VILLA NOUGUES
823561.0,LA CABRAL
220189.0,MIRAFLORES
386014.0,ABRALAITE
141008.0,COSTASACATE
340077.0,INGENIERO GUILLERMO N. JUAREZ
425063.0,FALUCHO
340210.0,RIACHO HE-HE
180413.0,CHAVARRIA
268126.0,GAN GAN
420196.0,LA HUMADA
540007.0,APOSTOLES
580028.0,LAS COLORADAS
660315.0,SAN RAMON DE LA NUEVA ORAN
740077.0,VILLA MERCEDES
822077.0,LOS MOLINOS
822091.0,SAN JOSE DE LA ESQUINA
822462.0,JUAN BERNABE MOLINA
822511.0,RUEDA
822700.0,MIGUEL TORRES
822966.0,CABAL
823029.0,SAUCE VIEJO
823309.0,LOGROÑO
820189.0,FUNES
823533.0,CURUPAITY
823652.0,SANTURCE
823673.0,VILLA SARALEGUI
823974.0,VIDELA
908091.0,EL BRACHO Y EL CEVILAR
908420.0,RIO SECO
60658.0,QUILMES
140854.0,MONTE DE LOS GAUCHOS
142756.0,GÜTEMBERG
220169.0,MISION NUEVA POMPEYA
340252.0,VILLA DOS TRECE
180154.0,RAMADA PASO
340175.0,MISION TAACAGLE
420126.0,EMBAJADOR MARTINI
420035.0,ARATA
660217.0,LA CANDELARIA
746294.0,LAS AGUADAS
823169.0,PROVIDENCIA
823953.0,SAN MART
824051.0,CARLOS PELLEGRINI
824072.0,COLONIA BELGRANO
908203.0,LAMADRID
908329.0,QUILMES Y LOS SUELDOS
700126.0,25 DE MAYO
425154.0,UNANUE
420371.0,TRENEL
822938.0,SERODINO
823071.0,FELICIA
823155.0,PILAR
823428.0,PUEBLO ESTHER
823505.0,COLONIA ANA
824002.0,LUIS PALACIOS
900007.0,MUNICIPALIDAD DE BURRUYACU
823148.0,NUEVO TORINO
660014.0,EL QUEBRACHAL
340189.0,CLORINDA
141743.0,WENCESLAO ESCALANTE
822490.0,PAVON
822567.0,SANTA ROSA DE CALCHINES
823400.0,FIGHIERA
746154.0,ARIZONA
824198.0,TARTAGAL
540112.0,GARUPA
822742.0,SANTA ISABEL
820329.0,CALCHAQUI
140434.0,LA CARLOTA
141547.0,LAS ARRIAS
