id_registro,provincia_id,departamento,localidad,categoria_id,Certificadora_id,razon_social,establecimiento,departamento_id
71,6,ADOLFO GONZALES CHAVES,INDEFINIDA,1,1,"LIMARDO, RAFAEL OSVALDO",LA SALADA,6014.0
978,6,BARADERO,INDEFINIDO,2,2,ALVAREZ ANA MARIA,NC,6070.0
977,6,CAMPANA,INDEFINIDO,2,2,ALPA TRADE S.R.L.,NC,6126.0
19,6,CORONEL DORREGO,INDEFINIDA,1,2,BIOLIVE S.A.,EL PIAL,6189.0
70,6,CORONEL SUAREZ,INDEFINIDA,1,1,LAVANDAS DE LAS SIERRAS S.R.L.,EL PANTANOSO,6203.0
69,6,GENERAL ALVARADO,INDEFINIDA,1,2,LAFONTAINE SILVIA ELENA,LA MADRECITA,6280.0
976,6,GENERAL LAS HERAS,INDEFINIDO,2,2,AGLH S.A.,NC,6329.0
85,6,LAS FLORES,INDEFINIDA,1,4,MISKA SA,LOS VERDES,6455.0
999,6,LINCOLN,INDEFINIDO,2,2,GRUPO ADN S.A.,NC,6469.0
104,6,9 DE JULIO,INDEFINIDA,1,2,RIVARA S.A.,LA MARTITA,6588.0
116,6,OLAVARRIA,INDEFINIDA,1,3,SOYAPAMPA S.A.,EL REZONGO,6595.0
78,6,PUAN,BORDENAVE,1,2,MAGADAN LOPEZ MAXIMO PEDRO,SANTA BENITA,6651.0
89,6,SAAVEDRA,INDEFINIDA,1,2,NEO ARGENTO SC,LAS TRES NENAS,6700.0
1041,6,SAN NICOLAS,INDEFINIDO,2,3,VIRTUD S.A.,NC,6763.0
1036,6,SAN PEDRO,INDEFINIDO,2,2,TENAX S.A.,NC,6770.0
103,6,25 DE MAYO,INDEFINIDA,1,2,RIVARA S.A.,LAS NUTRIAS,6854.0
994,6,VILLARINO,TENIENTE ORIGONE,2,1,EL TALADRILLO SRL,NC,6875.0
1046,10,POMAN,INDEFINIDO,2,1,PROMET SA,NC,10084.0
1042,10,SANTA MARIA,CHAÑAR PUNCO,2,1,GRUPO PEÑAFLOR SA ,NC,10091.0
1043,10,TINOGASTA,INDEFINIDO,2,1,LA LUNA DE CATAMARCA SA,NC,10105.0
147,14,CAPITAL,INDEFINIDA,1,4,RAFAGOS SA,LAS PALOMAS,14014.0
144,14,CRUZ DEL EJE,INDEFINIDA,1,2,OLIVARES Y VIÑEDOS SAN NICOLAS S.A.,OLIVARES Y VIÑEDOS SAN NICOLAS,14028.0
1053,14,ISCHILIN,INDEFINIDO,2,2,OLIVARES Y VIÑEDOS SAN NICOLAS S.A.,NC,14049.0
141,14,JUAREZ CELMAN,INDEFINIDA,1,1,HUANQUI S.A.,ALTOS VERDES,14056.0
139,14,MARCOS JUAREZ,INDEFINIDA,1,1,FOUNDATION RACHEL Y PAMELA SCHIELE,LAS DOS HERMANAS,14063.0
142,14,SANTA MARIA,INDEFINIDA,1,1,LA MECO S.R.L,LA PASCUALINA,14147.0
154,18,CURUZU CUATIA,INDEFINIDA,1,3,GUIDOBONO JOSE MARIA,TUNAS,18035.0
167,22,GENERAL GÜEMES,INDEFINIDA,1,2,RIMONDINO ENRIQUE,MIEL DE MONTE,22063.0
1064,26,CUSHAMEN,INDEFINIDO,2,2,CUADRADA PRODUCTIONS S.R.L.,NC,26014.0
206,26,ESCALANTE,INDEFINIDA,1,2,SCHULZE HERNAN LEO,LAS MELLIZAS Y SECCION LA BUENA FE (ANIMAL),26021.0
176,26,FUTALEUFU,INDEFINIDA,1,1,COMPAÑIA DE TIERRAS SUD ARGENTINO SA,ESTANCIA MONTOSO,26035.0
183,26,GASTRE,INDEFINIDA,1,2,FUHRMANN S.A,SOFIA,26049.0
209,26,PASO DE INDIOS,INDEFINIDA,1,2,TIRSO FERNANDEZ  PEÑA,EL RISCOSO,26070.0
1067,26,RAWSON,INDEFINIDO,2,2,FUHRMANN S.A,NC,26077.0
191,26,TEHUELCHES,INDEFINIDA,1,2,IANNINI S.A.,EL PICHE - SAN AMBROSIO,26098.0
258,38,SAN PEDRO,INDEFINIDA,1,2,COOPERATIVA DE PRODUCTORES APICOLA DE JUJUY LTDA.,COOPERATIVA DE PRODUCTORES DE MIELES DE JUJUY,38063.0
260,38,SANTA BARBARA,INDEFINIDA,1,2,EMECINCO S.A.,FINCA LOS PLATANOS,38070.0
272,42,CALEU CALEU,INDEFINIDA,1,2,EL MAITEN S.R.L.,EL ALFILERILLO / EL REMOLINO / DON PEDRO / BARUSO / EL MORRO,42014.0
275,46,CHILECITO,INDEFINIDA,1,1,BELLIA JOSE LUIS,AGROVID,46042.0
1032,6,ALBERTI,INDEFINIDO,2,1,RIVARA SA,NC,6021.0
979,6,AZUL,INDEFINIDO,2,3,BANDERITAS S.A.,NC,6049.0
33,6,ADOLFO ALSINA,INDEFINIDA,1,3,EDCO GRAINS S.A.,LA UNION,6007.0
48,6,GENERAL PAZ,INDEFINIDA,1,1,HUENU CRESTA Y MUTICIA CRESTA SH,CANDELA,6343.0
65,6,JUNIN,INDEFINIDA,1,2,KUMAGRO S.A.,LA BLANQUEADA,6413.0
987,6,LA PLATA,INDEFINIDO,2,3,COOPERATIVA CREO FRUTIHORTICOLA ORGANICA LTDA.,NC,6441.0
1013,6,LOBOS,INDEFINIDO,2,4,NEXCO SA,NC,6483.0
20,6,ZARATE,LIMA,1,2,BORCHARDT FRANCISCO,ORGANIC ORCHARD,6882.0
1045,10,VALLE VIEJO,INDEFINIDO,2,2,OLIVAS AL MUNDO S.A.,NC,10112.0
1055,14,GENERAL SAN MARTIN,INDEFINIDO,2,4,PRONUT SRL,NC,14042.0
137,14,RIO PRIMERO,INDEFINIDA,1,4,CONOSUR FOODS ARGENTINA SRL,ROBLEDO,14105.0
1074,26,GAIMAN,INDEFINIDO,2,2,SORIANO SACIFIA Y DE M,NC,26042.0
208,26,RIO SENGUER,INDEFINIDA,1,2,SUCESORES DE RAMON LORENZO Y OTROS,LA NICOLASA,26084.0
267,38,EL CARMEN,INDEFINIDA,1,2,INKLEMONA DE BALUT ROSA,FINCA LAS PICHANAS,38014.0
195,26,LANGUIÑEO,INDEFINIDA,1,2,LA ELISITA S.A.,LA ELISITA Y EL CHANGUITO,26056.0
43,6,LUJAN,INDEFINIDA,1,1,GIMAI SA,LA AMISTAD,6497.0
1166,50,GUAYMALLEN,INDEFINIDO,2,2,PUENTE BLANCO S.A.,NC,50028.0
1129,50,JUNIN,INDEFINIDO,2,1,DOMAINE JEAN BOUSQUET  S.A.,NC,50035.0
1177,50,LA PAZ,INDEFINIDO,2,3,VINECOL S.A.,NC,50042.0
323,50,LAVALLE,INDEFINIDA,1,2,BIO AGRICULTORES S.A.,EL VERGEL,50056.0
96,6,CHACABUCO,INDEFINIDA,1,2,PETROAGRO S.A.,SAN CARLOS,6210.0
99,6,EXALTACION DE LA CRUZ,INDEFINIDA,1,1,"PROVERBIO, JUAN MARIANO",LOTE 111,6266.0
38,6,GENERAL PUEYRREDON,INDEFINIDA,1,1,"ETCHEBEST, PEDRO GASTON",DOÑA FRANCISCA,6357.0
34,6,GUAMINI,INDEFINIDA,1,3,EDCO GRAINS S.A.,LA ELVIRA,6399.0
985,6,MALVINAS ARGENTINAS,INDEFINIDO,2,2,BIOMAC S.R.L.,NC,6515.0
66,6,MERCEDES,INDEFINIDA,1,2,KUMAGRO S.A.,OJEA,6532.0
88,6,PILAR,INDEFINIDA,1,1,MOA INTERNACIONAL A.C. DE FILOSOFIA Y CULTURA,ZUISENKIO DERQUI,6638.0
202,26,BIEDMA,INDEFINIDA,1,2,PUNTA QUIROGA S.A.,DON FRANCISCO,26007.0
279,46,GENERAL OCAMPO,INDEFINIDA,1,2,CONCESIONARIA DE FINCAS EL RENUEVO S.A.,FINCAS EL RENUEVO,46084.0
291,46,CORONEL FELIPE VARELA,INDEFINIDA,1,1,"GARROT, CARLOS PEDRO",FINCA SANTA GUALBERTA,46028.0
15,6,BENITO JUAREZ,INDEFINIDA,1,3,BANDERITAS S.A.,LA NELIDA,6084.0
30,6,CORONEL PRINGLES,INDEFINIDA,1,2,DON JACINTO SAAYC,PILLAHUINCO,6196.0
102,6,TRES ARROYOS,INDEFINIDA,1,1,PROVIDENCE SA,SANTA ELENA,6833.0
1019,6,CHIVILCOY,INDEFINIDO,2,2,PETROAGRO S.A.,NC,6224.0
408,50,LAS HERAS,INDEFINIDA,1,2,PUENTE BLANCO S.A.,ESTANCIA EL TAMBILLO,50049.0
41,6,TANDIL,INDEFINIDA,1,2,GARRIDO STELLA MARIS,LOS OSOS,6791.0
1016,6,PERGAMINO,INDEFINIDO,2,2,PACHAMAMA PRODUCTS SRL.,NC,6623.0
1085,30,FEDERACION,INDEFINIDO,2,2,STIVANELLO JUAN CARLOS,NC,30028.0
235,30,GUALEGUAY,INDEFINIDA,1,2,KUMAGRO S.A.,"SANTA MARIA ""B""",30049.0
221,30,LA PAZ,INDEFINIDA,1,2,FIGUEROA BUNGE MARIANO,LA EVANGELINA,30070.0
223,30,PARANA,INDEFINIDA,1,2,GRACIA LUZ DON,LA ESMERADA,30084.0
1078,30,SAN SALVADOR,INDEFINIDO,2,4,CAUPOLICAN SRL,NC,30088.0
1077,30,VICTORIA,INDEFINIDO,2,3,BOTTEGAL JUAN ANGEL Y BOTTEGAL JULIO CESAR S.H.,NC,30105.0
217,30,VILLAGUAY,INDEFINIDA,1,3,CAUPOLICAN S.R.L.,LA CATALINA,30113.0
238,30,URUGUAY,INDEFINIDA,1,3,MAGNO S.A.,LOTE PLANTA MANTEROS,30098.0
1079,30,CONCORDIA,INDEFINIDO,2,3,DOS HERMANOS S.A.,NC,30015.0
203,26,MARTIRES,INDEFINIDA,1,2,RAICES PATAGONICAS S.A.,EL MIRABUENO (ANIMAL),26063.0
246,30,COLON,INDEFINIDA,1,2,SOCAS CARLOS MARIA,LA MARMOL - SAN PANCHO,30008.0
867,66,ORAN,INDEFINIDA,1,1,TERMINAL DE CARGAS AEREAS SA,RAMADITA,66126.0
1164,50,LUJAN DE CUYO,INDEFINIDO,2,3,PROVIVA S.R.L.,NC,50063.0
397,50,RIVADAVIA,INDEFINIDA,1,1,OLIVARES DE DON IGNACIO S.A.,LA LIBERTAD,50084.0
1156,50,SAN MARTIN,INDEFINIDO,2,3,MONTLAIZ S.R.L.,NC,50098.0
1112,50,SAN RAFAEL,INDEFINIDO,2,2,BEATRIZ VASQUEZ Y JUAN CARLOS CAMARGO SH,NC,50105.0
1192,54,APOSTOLES,INDEFINIDO,2,2,LA CACHUERA S.A.,NC,54007.0
1184,54,MONTECARLO,INDEFINIDO,2,2,COOPERATIVA AGRICOLA MIXTA DE MONTECARLO LIMITADA,NC,54084.0
575,54,OBERA,INDEFINIDA,1,2,PARK ANNA,ANNA PARK,54091.0
1140,50,GENERAL ALVEAR,INDEFINIDO,2,2,FENIX S.A.,NC,50014.0
115,6,ESTEBAN ECHEVERRIA,INDEFINIDA,1,1,SASAKI NOOSAN SRL,SASAKI NOOSAN SRL,6260.0
1010,6,BARADERO,INDEFINIDO,2,2,LUIS A. DUCRET Y CIA. S.A.,NC,6070.0
984,6,CORONEL DORREGO,INDEFINIDO,2,2,BIOLIVE S.A.,NC,6189.0
67,6,CORONEL SUAREZ,INDEFINIDA,1,1,LA CATALINA SCA,LA CATALINA ORGANICA,6203.0
18,6,GENERAL LAS HERAS,INDEFINIDA,1,2,BIANCHI FERNANDO LUIS,"""LA JULIA"" Y ""LA JULITA""",6329.0
120,6,LAS FLORES,INDEFINIDA,1,4,SOYAPAMPA SA,EL CARDALITO,6455.0
77,6,PUAN,INDEFINIDA,1,2,MAGADAN LOPEZ MAXIMO PEDRO,LA VENTURA - SANTA BENITA,6651.0
123,6,SAN PEDRO,INDEFINIDA,1,2,TENAX S.A.,FINCA DON PEDRO,6770.0
56,6,VILLARINO,INDEFINIDA,1,1,"JAÑEZ, MARIA PILAR",EL CHARA,6875.0
1044,10,POMAN,INDEFINIDO,2,1,OLIVARES DE POMAN SA ,NC,10084.0
153,18,CURUZU CUATIA,INDEFINIDA,1,3,GUIDOBONO JOSE MARIA,CAMPO AFUERA,18035.0
159,22,GENERAL GÜEMES,INDEFINIDA,1,2,BIO AGRICULTORES S.A.,CAMPO PALOMO,22063.0
199,26,ESCALANTE,INDEFINIDA,1,2,MOTTINO CARLOS ANGEL,LOS MANANTIALES (ANIMAL),26021.0
180,26,GASTRE,INDEFINIDA,1,2,EL REZONGO SH,RAGOBET (ANIMAL),26049.0
174,26,TEHUELCHES,INDEFINIDA,1,2,COMINAGRO GANADERA S.A.,MALLIN NEVADO-LOS RURALES-RANCHO GDE.-LA BLANCA,26098.0
251,34,PILCOMAYO,INDEFINIDA,1,2,ISLA PUEN SRL,ISLA PUEN,34049.0
1093,46,CHILECITO,INDEFINIDO,2,1,COOPERATIVA VITIVINIFRUTICOLA  LA RIOJANA LTDA.,NC,46042.0
1028,6,ALBERTI,INDEFINIDO,2,2,RIVARA S.A.,NC,6021.0
118,6,AZUL,INDEFINIDA,1,4,SOYAPAMPA SA,LAS MARIAS,6049.0
1037,6,LA PLATA,INDEFINIDO,2,4,TESTONI VICTOR,NC,6441.0
135,10,VALLE VIEJO,INDEFINIDA,1,2,OLIVAS AL MUNDO S.A.,OLIVAS AL MUNDO (CAMPO),10112.0
146,14,GENERAL SAN MARTIN,INDEFINIDA,1,4,PRONUT SRL,LA MORA,14042.0
136,14,RIO PRIMERO,INDEFINIDA,1,4,AGRO PROFESIONAL SA,LOSITA,14105.0
1073,26,GAIMAN,INDEFINIDO,2,2,SORIANO SACIFIA Y DE M,NC,26042.0
198,26,RIO SENGUER,INDEFINIDA,1,2,MAZQUIARAN NELSON,LA ANGELITA (ANIMAL),26084.0
264,38,EL CARMEN,INDEFINIDA,1,2,HAROIAN NELSON EDGARDO,FINCA EL OLLERO,38014.0
1035,6,LUJAN,INDEFINIDO,2,2,SUCESION DE HARALDO WITOMIR TOMYS,NC,6497.0
1145,50,GUAYMALLEN,INDEFINIDO,2,1,JUGOS AUSTRALES S.A.,NC,50028.0
322,50,JUNIN,INDEFINIDA,1,2,BENITO Y NORMA PANELLA,FINCA PANELLA Y ANEXO,50035.0
390,50,LA PAZ,INDEFINIDA,1,3,MIX S.A.,UVAS DEL DESIERTO,50042.0
1178,50,LAVALLE,INDEFINIDO,2,1,VIÑAS ARGENTINAS SA,NC,50056.0
95,6,CHACABUCO,INDEFINIDA,1,2,PETROAGRO S.A.,HURE,6210.0
112,6,EXALTACION DE LA CRUZ,LOS CARDALES,1,2,ROLAND MOHLE/CORINA KEYMER DE MOHLE,ROCO,6266.0
995,6,GENERAL PUEYRREDON,SIERRA DE LOS PADRES,2,1,"ETCHEBEST, PEDRO GASTON",NC,6357.0
54,6,MERCEDES,INDEFINIDA,1,2,INNOCENTI MONICA,KIWI Y CHAMPIGNON,6532.0
14,6,BENITO JUAREZ,INDEFINIDA,1,3,BANDERITAS S.A.,LA COLORADA,6084.0
110,6,BOLIVAR,INDEFINIDA,1,2,RIVARA S.A.,LA LUISA,6105.0
1026,6,TRES ARROYOS,INDEFINIDO,2,1,PROVIDENCE SA,NC,6833.0
97,6,CHIVILCOY,INDEFINIDA,1,2,PETROAGRO S.A.,LOS VASQUITOS,6224.0
245,30,FEDERACION,INDEFINIDA,1,3,SALDUNA PEDRO JORGE - SALDUNA PEDRO,SANTA DOMINGA,30028.0
234,30,GUALEGUAY,INDEFINIDA,1,2,KUMAGRO S.A.,LA UNION,30049.0
219,30,LA PAZ,INDEFINIDA,1,3,ESTANCIA LAGUNA BLANCA S.A.,LAGUNA BLANCA,30070.0
213,30,VICTORIA,INDEFINIDA,1,3,BOTTEGAL JUAN ANGEL Y BOTTEGAL JULIO CESAR S.H.,ZONA DE ISLAS ENTRE RIOS,30105.0
231,30,URUGUAY,INDEFINIDA,1,3,GUILLERMO JAUCK Y HERMANOS SOCIEDAD DE HECHO,EL TAJAMAR,30098.0
241,30,CONCORDIA,INDEFINIDA,1,3,"NEOFARMS SRL/GUIDOBONO JOSE MARIA/CALERO GUILLERMO,",POOL CONSORCIO - UNIDAD B,30015.0
1113,50,LUJAN DE CUYO,INDEFINIDO,2,1,BEAU LIEU S.A.,NC,50063.0
384,50,RIVADAVIA,INDEFINIDA,1,3,LIPTOV S.A.,LA ESTRELLA,50084.0
393,50,SAN MARTIN,INDEFINIDA,1,3,MONTLAIZ S.R.L.,DON HUGO,50098.0
1157,50,TUPUNGATO,INDEFINIDO,2,2,NUEZ DE ACONCAGUA S.A.,NC,50126.0
465,54,LIBERTADOR GENERAL SAN MARTIN,INDEFINIDA,1,1,"CAVIGIOLI, MARIO",CAVIGIOLI MARIO,54077.0
1191,54,SAN IGNACIO,INDEFINIDO,2,2,KRAUS S.A.,NC,54098.0
1061,18,BELLA VISTA,INDEFINIDO,2,2,UTE BV S.A.,NC,18007.0
80,6,ESTEBAN ECHEVERRIA,INDEFINIDA,1,4,MICAELA ANDREA SASAKI,CULTIVOS ORGANICOS SASAKI,6260.0
1022,6,LANUS,INDEFINIDO,2,4,PRODUCTOS AFER IMPORTADORA Y EXPORTADORA SA,NC,6434.0
76,6,BARADERO,INDEFINIDA,1,2,LUIS A. DUCRET Y CIA. S.A.,EL RADAR,6070.0
101,6,CORONEL DORREGO,INDEFINIDA,1,1,PROVIDENCE SA,LA ISLA,6189.0
119,6,LAS FLORES,INDEFINIDA,1,4,SOYAPAMPA SA,LA PICASA,6455.0
68,6,PUAN,17 DE AGOSTO,1,2,LA VENTURA & ASOCIADOS S.A.,LA VENTURA Y LA MARIA SUR,6651.0
55,6,SAN PEDRO,INDEFINIDA,1,2,INTERRUPCION S.A.,LAS LOMAS,6770.0
8,6,VILLARINO,INDEFINIDA,1,1,ANIJG AGENCY S.A.,EL FORTIN,6875.0
134,10,POMAN,INDEFINIDA,1,1,OLIVARES DE POMAN SA,COMPLEJO OLIVICOLA SAN JOSE,10084.0
131,10,TINOGASTA,INDEFINIDA,1,1,LA LUNA DE CATAMARCA SA,GRUPO AO,10105.0
150,18,CURUZU CUATIA,INDEFINIDA,1,1,ECA  SA,LA VICTORINA,18035.0
169,22,GENERAL GÜEMES,INDEFINIDA,1,4,RUIZ ELVIO Y COOPSOL LTDA.,APIARIO BH,22063.0
171,26,ESCALANTE,INDEFINIDA,1,2,ANTONELLA TORRACA Y OTROS S.H.,SAN JOSE,26021.0
306,46,ARAUCO,INDEFINIDA,1,1,TALAMUYUNA S.A.,TALAMUYUNA,46007.0
298,46,CHILECITO,INDEFINIDA,1,1,"LARGUIA, JONAS",FINCA LA NUESTRA,46042.0
1039,6,ALBERTI,INDEFINIDO,2,2,VILLAMORA S.A.,NC,6021.0
117,6,AZUL,INDEFINIDA,1,4,SOYAPAMPA SA,VIMANEMAR,6049.0
23,6,LA PLATA,INDEFINIDA,1,4,CIDEL ORGANICA S.R.L.,QUINTA 462,6441.0
140,14,RIO PRIMERO,INDEFINIDA,1,4,FRANCO BATAN Y ROSA SIGISMUNDI S.H.,BIO HONEY,14105.0
211,26,GAIMAN,INDEFINIDA,1,2,VIÑAS MARIA TERESA,POZO HONDO (ANIMAL),26042.0
193,26,RIO SENGUER,INDEFINIDA,1,2,JUAN MAZQUIARAN E HILDA VERDE SH,CAÑADON TACHO,26084.0
265,38,EL CARMEN,INDEFINIDA,1,2,HAROIAN NELSON EDGARDO,FINCA PAMPA BLANCA,38014.0
1128,50,GUAYMALLEN,LOS CORRALITOS,2,1,COOPERATIVA VITIVINICOLA DE MENDOZA,NC,50028.0
370,50,LA PAZ,INDEFINIDA,1,1,GRUPO PEÑAFLOR SA ,FINCA LA PAZ,50042.0
415,50,LAVALLE,INDEFINIDA,1,2,SANES S.A.,FINCA LA ULTIMA,50056.0
94,6,CHACABUCO,INDEFINIDA,1,2,PETROAGRO S.A.,SAN JUAN,6210.0
100,6,EXALTACION DE LA CRUZ,INDEFINIDA,1,1,"PROVERBIO, JUAN MARIANO","PROVERBIO, JUAN MARIANO",6266.0
27,6,GENERAL PUEYRREDON,INDEFINIDA,1,1,COSUFRUTOS SA,PUENTE VIEJO,6357.0
9,6,MERCEDES,INDEFINIDA,1,2,ARBE JUAN LUCAS ,NATURAL PAMPA,6532.0
13,6,BENITO JUAREZ,INDEFINIDA,1,3,BANDERITAS S.A.,SANTA RITA,6084.0
64,6,CHIVILCOY,INDEFINIDA,1,2,KUMAGRO S.A.,LOS PARAISOS,6224.0
122,6,TANDIL,INDEFINIDA,1,2,TANDIL VACARA SRL,SAN MIGUEL,6791.0
247,30,FEDERACION,INDEFINIDA,1,2,STIVANELLO JUAN CARLOS,JUAN CARLOS STIVANELLO (FINCA),30028.0
216,30,LA PAZ,INDEFINIDA,1,3,CAMPO MALAMBO S.A.,CAMPO MALAMBO,30070.0
1076,30,VICTORIA,INDEFINIDO,2,3,BOTTEGAL JUAN ANGEL Y BOTTEGAL JULIO CESAR S.H.,NC,30105.0
220,30,CONCORDIA,INDEFINIDA,1,3,FIDEICOMISO ARANDANOS DEL HEMISFERIO SUR,FIDEICOMISO ARANDANOS DEL HEMISFERIO SUR,30015.0
838,66,ORAN,INDEFINIDA,1,2,ALVAREZ EDUARDO MARTIN,ESTANCIA PELICANO,66126.0
349,50,RIVADAVIA,EL MIRADOR,1,2,CUNCO S.A.,FINCA CUNCO,50084.0
1179,50,SAN MARTIN,ALTO SALVADOR,2,1,VIÑAS DE ALTO SALVADOR S.A.V.A.I.C,NC,50098.0
369,50,SAN RAFAEL,INDEFINIDA,1,2,GASPARETTI MAURICIO,EL AGUARIBAY,50105.0
605,54,LIBERTADOR GENERAL SAN MARTIN,INDEFINIDA,1,1,"SCHERF, ALBERTO",SCHERF ALBERTO,54077.0
1194,54,OBERA,INDEFINIDO,2,1,LAS TREINTA S.A.,NC,54091.0
637,54,SAN IGNACIO,INDEFINIDA,1,3,VARELA CLAUDIO,EL LAPACHO,54098.0
157,18,BELLA VISTA,INDEFINIDA,1,1,"RODRIGUEZ BASIGALUP , HECTOR M.",LIMONES DEL SOL 1 Y 2,18007.0
73,6,RAUCH,INDEFINIDA,1,2,LOVINAC S.A.,TRES MARIAS,6672.0
990,6,LANUS,REMEDIOS DE ESCALADA,2,2,DIETETICA CIENTIFICA S.A.C.I.F.I.,NC,6434.0
75,6,BARADERO,INDEFINIDA,1,2,LUIS A. DUCRET Y CIA. S.A.,EL PUESTO,6070.0
86,6,LAS FLORES,INDEFINIDA,1,4,MISKA SA,CONSTANTIN,6455.0
21,6,SAN PEDRO,RIO TALA,1,2,BUENA TIERRA SRL.,SANTA LUCIA,6770.0
127,10,TINOGASTA,INDEFINIDA,1,2,BUSTAMANTE LUIS,FINCAS DON ROGELIO,10105.0
168,22,GENERAL GÜEMES,INDEFINIDA,1,4,RODRIGUEZ ROSA A. Y COOPSOL LTDA.,APIARIO BI,22063.0
303,46,ARAUCO,INDEFINIDA,1,1,OLIVOS ARGENTINOS SA,SANTA FE,46007.0
295,46,CHILECITO,INDEFINIDA,1,1,"GONZALEZ, MARIO HERNAN",NUEVA,46042.0
1031,6,ALBERTI,INDEFINIDO,2,1,RIVARA SA,NC,6021.0
82,6,AZUL,INDEFINIDA,1,4,MISKA SA,SAN LUIS,6049.0
124,6,LA PLATA,INDEFINIDA,1,4,TESTONI VICTOR,ARCOS DEL INTI - PRODUCTOR,6441.0
210,26,GAIMAN,INDEFINIDA,1,2,TORRES FEDERICO PATRICIO,LAS TIJERAS,26042.0
189,26,RIO SENGUER,INDEFINIDA,1,2,GUENGUEL S.R.L.,EL RELINCHO - LINDO PARAJE - EL PICADERO,26084.0
262,38,EL CARMEN,INDEFINIDA,1,2,FINCA LAS MERCEDES SRL,FINCA LAS MERCEDES,38014.0
22,6,LUJAN,INDEFINIDA,1,4,CHACRA RUMFE SRL,CHACRA RUMFE,6497.0
1111,50,GUAYMALLEN,INDEFINIDO,2,2,BAMENEX S.A.,NC,50028.0
1174,50,JUNIN,INDEFINIDO,2,3,SONIA Y LILIANA FERRO S.H.,NC,50035.0
356,50,LA PAZ,INDEFINIDA,1,3,EMPRESA COMERCIAL EXPORTADORA S.A.,LAS 3 F,50042.0
242,30,CONCORDIA,INDEFINIDA,1,3,"NEOFARMS SRL/GUIDOBONO JOSE MARIA/CALERO GUILLERMO,",POOL CONSORCIO - UNIDAD C,30015.0
1130,50,LUJAN DE CUYO,INDEFINIDO,2,1,DOMAINE JEAN BOUSQUET  S.A.,NC,50063.0
383,50,RIVADAVIA,INDEFINIDA,1,3,LIPTOV S.A.,EL RANCHO,50084.0
1136,50,SAN RAFAEL,INDEFINIDO,2,1,EL MORO SRL ,NC,50105.0
1132,50,TUPUNGATO,INDEFINIDO,2,2,DOMAINE JEAN BOUSQUET S.A.,NC,50126.0
555,54,LIBERTADOR GENERAL SAN MARTIN,INDEFINIDA,1,1,"MOZZONI, ROBERTO RAMON",ROBERTO MOZZONI,54077.0
536,54,SAN IGNACIO,INDEFINIDA,1,2,KRAUS S.A.,ESTABLECIMIENTO KRAUS,54098.0
74,6,BARADERO,INDEFINIDA,1,2,LUIS A. DUCRET Y CIA. S.A.,GARIBALDI,6070.0
84,6,LAS FLORES,INDEFINIDA,1,4,MISKA SA,BREIZH,6455.0
17,6,SAN PEDRO,INDEFINIDA,1,2,BERRIES PREMIUM SA,BERRIES PREMIUM,6770.0
165,22,GENERAL GÜEMES,INDEFINIDA,1,4,HOLGADO LEONCIO Y COOPSOL LTDA.,APIARIO BG,22063.0
302,46,ARAUCO,INDEFINIDA,1,1,OLIVOS ARGENTINOS SA,LA AGUADA,46007.0
1102,46,CHILECITO,INDEFINIDO,2,1,L.I.R.A. S.A.,NC,46042.0
1030,6,ALBERTI,INDEFINIDO,2,2,RIVARA S.A.,NC,6021.0
12,6,AZUL,INDEFINIDA,1,3,BANDERITAS S.A.,JUAN ALBERTO,6049.0
24,6,LA PLATA,INDEFINIDA,1,4,CIDEL ORGANICA SRL,LA ANUNCIACION QUINTA 2,6441.0
188,26,RIO SENGUER,INDEFINIDA,1,2,GORDON MARY ANN Y RIBAYA EDUARDO SH,ELVIRA,26084.0
1114,50,GUAYMALLEN,INDEFINIDO,2,2,BIO AGRICULTORES S.A.,NC,50028.0
1119,50,JUNIN,ALGARROBO GRANDE,2,1,BODEGAS ESMERALDA SA,NC,50035.0
330,50,LA PAZ,INDEFINIDA,1,3,BODEGAS Y VIÑEDOS BENEDETTI SRL,FINCA LA PAZ,50042.0
232,30,CONCORDIA,INDEFINIDA,1,1,IGFO SA,LA ESPERANZA,30015.0
404,50,LUJAN DE CUYO,INDEFINIDA,1,3,PROVIVA S.R.L,AGRELO ,50063.0
1149,50,RIVADAVIA,INDEFINIDO,2,3,LIPTOV S.A.,NC,50084.0
1124,50,SAN MARTIN,INDEFINIDO,2,2,CASA SANCTE PETRE S.A.,NC,50098.0
411,50,SAN RAFAEL,INDEFINIDA,1,1,R6 LA GUEVARINA S.A.,R6 LA GUEVARINA,50105.0
1131,50,TUPUNGATO,INDEFINIDO,2,1,DOMAINE JEAN BOUSQUET  S.A.,NC,50126.0
552,54,LIBERTADOR GENERAL SAN MARTIN,INDEFINIDA,1,3,MARTIN JAVIER SALOMON SAAIED,CHACRA ADAMA,54077.0
540,54,OBERA,INDEFINIDA,1,1,LAS TREINTA S.A.,DOROSZ,54091.0
535,54,SAN IGNACIO,INDEFINIDA,1,2,KOTH ITATI MARIA EVANGELINA,ROA PIPO,54098.0
7,6,BARADERO,INDEFINIDA,1,2,ALVAREZ ANA MARIA,EL PAMPA ORGANICO,6070.0
83,6,LAS FLORES,INDEFINIDA,1,4,MISKA SA,DON GREGORIO,6455.0
11,6,SAN PEDRO,INDEFINIDA,1,2,AUTOSOL PARTS S.A.,SAN JOSE,6770.0
164,22,GENERAL GÜEMES,INDEFINIDA,1,4,GONZALEZ ROQUE O. Y COOPSOL LTDA.,APIARIO BF,22063.0
278,46,ARAUCO,INDEFINIDA,1,1,CLEAN INVESTMENT SA,SAN AMBROSIO Y  DON JESUS,46007.0
1099,46,CHILECITO,INDEFINIDO,2,1,L.I.R.A. S.A.,NC,46042.0
1029,6,ALBERTI,PLA,2,2,RIVARA S.A.,NC,6021.0
4,6,AZUL,INDEFINIDA,1,3,AGRICOLA EL HORIZONTE S.A.,EL HORIZONTE,6049.0
186,26,RIO SENGUER,INDEFINIDA,1,2,GANADERA VALLE HUEMULES S.A.,VALLE HUEMULES,26084.0
1110,50,GUAYMALLEN,INDEFINIDO,2,2,BAMENEX S.A.,NC,50028.0
418,50,JUNIN,INDEFINIDA,1,3,SONIA Y LILIANA FERRO S.H.,RODRIGUEZ PEÑA,50035.0
109,6,BOLIVAR,INDEFINIDA,1,2,RIVARA S.A.,MAMA CAROLINA,6105.0
1086,30,CONCORDIA,INDEFINIDO,2,1,LITORAL CITRUS SA,NC,30015.0
437,50,LUJAN DE CUYO,INDEFINIDA,1,2,VIÑAS DE LUJAN S.R.L.,VIÑAS DE LUJAN,50063.0
426,50,RIVADAVIA,INDEFINIDA,1,3,VALENCIA MIGUEL,MEDRANO,50084.0
435,50,SAN MARTIN,INDEFINIDA,1,1,VIÑAS DE ALTO SALVADOR S.A.V.A.I.C,"FINCA ""LA SEDE "" (INV F 01047)(EX CENTRAL)",50098.0
1175,50,SAN RAFAEL,INDEFINIDO,2,1,VALENTIN BIANCHI SACIF ,NC,50105.0
421,50,TUPUNGATO,INDEFINIDA,1,2,TEPEU S.R.L,FINCA MUÑOZ HNOS.,50126.0
450,54,SAN IGNACIO,INDEFINIDA,1,3,BAEZ ESTELA MARI,IVU,54098.0
2,6,BARADERO,INDEFINIDA,1,2,ADD CROPS S.A.,EL BUEN RETIRO,6070.0
277,46,ARAUCO,INDEFINIDA,1,1,CLEAN INVESTMENT SA,EL RETAMO,46007.0
170,26,RIO SENGUER,INDEFINIDA,1,2,14 DE ABRIL S.R.L.,LA LAURITA,26084.0
427,50,GUAYMALLEN,INDEFINIDA,1,1,"VALENCIA, ROBERTO OSCAR",FINCA VALENCIA,50028.0
400,50,JUNIN,INDEFINIDA,1,1,PARRA SA,CUARTEL 24 (EX PARRA SA),50035.0
107,6,BOLIVAR,INDEFINIDA,1,2,RIVARA S.A.,LA ADELINA,6105.0
1080,30,CONCORDIA,INDEFINIDO,2,1,ECA  SA,NC,30015.0
339,50,LUJAN DE CUYO,INDEFINIDA,1,1,CANTINIAN SA,CANTINIAN,50063.0
348,50,RIVADAVIA,INDEFINIDA,1,3,COMPAÑIA DE AGROSERVICIOS S.A.,DON JORGE,50084.0
434,50,SAN MARTIN,INDEFINIDA,1,1,VIÑAS DE ALTO SALVADOR S.A.V.A.I.C,"FINCA ""DOÑA CRISTINA"" (INV E61522)",50098.0
399,50,TUPUNGATO,INDEFINIDA,1,2,PALUMBO GOTTARDINI CARLOS ROBERTO,ORALIA STATE,50126.0
453,54,LIBERTADOR GENERAL SAN MARTIN,INDEFINIDA,1,3,BAUMGRATZ ALOISIO,KA´A PORÀ,54077.0
680,58,CONFLUENCIA,INDEFINIDA,1,1,LA DELICIOSA S.A.,EL CONDOR,58035.0
798,62,GENERAL ROCA,INDEFINIDA,1,1,OTTONE EDUARDO,CHACRA N° 255,62042.0
719,62,PILCANIYEU,INDEFINIDA,1,2,CANESSA HNAS,RAYHUAO,62070.0
846,66,ANTA,INDEFINIDA,1,1,ECO AGROPECUARIA SA,SANTA MAGDALENA II,66007.0
1253,70,POCITO,INDEFINIDO,2,1,"MAS, MIGUEL (HUERTA ANAHATA)",NC,70070.0
903,74,AYACUCHO,INDEFINIDA,1,3,BORGHI MARIA LILIANA ,"EL CUADRO, EL REMANSO, EL VERGEL, EL ALTO (EX SANTA MARIA)",74007.0
904,74,CORONEL PRINGLES,INDEFINIDA,1,2,FLORIN RAIMUNDO CARLOS,PIEDRA DEL AGUA,74021.0
907,74,JUNIN,OJO DEL RIO,1,2,JEWTUSZYK MIRTHA EDITH,BAUERHAUS,74049.0
924,82,BELGRANO,INDEFINIDA,1,3,EL ROBLE EMPRENDIMIENTOS S.A.,EL ROBLE,82007.0
926,82,9 DE JULIO,INDEFINIDA,1,4,FRANCUCCI DANIEL,DIETETICA ALBERDI,82077.0
1265,82,ROSARIO,INDEFINIDO,2,2,URIEN LOZA S.A.,NC,82084.0
928,82,SAN JAVIER,INDEFINIDA,1,3,HOISL MARCELO,DON VICENTE,82098.0
932,82,SAN LORENZO,INDEFINIDA,1,3,LA NUEVA FLORIDA S.A.,SAN CARLOS,82119.0
961,90,CHICLIGASTA,INDEFINIDA,1,2,KINGBERRY S.A.,FINCA COCHAMOLLES,90021.0
950,90,FAMAILLA,INDEFINIDA,1,2,AMANKAY S.R.L.,FINCA LAURELES,90028.0
967,90,GRANEROS,INDEFINIDA,1,1,TERMINAL DE CARGAS AEREAS SA,TACO RALO,90035.0
954,90,YERBA BUENA,INDEFINIDA,1,2,EL MADERO S.R.L.,EL MADERO,90119.0
962,90,RIO CHICO,INDEFINIDA,1,2,LA QUIMERA S.A.,"LA QUIMERA, COLONIA 6",90077.0
539,54,IGUAZU,INDEFINIDA,1,3,LA CONDICION S.A.,ISTUETA KM 300,54063.0
900,70,25 DE MAYO,INDEFINIDA,1,2,PONCHO VERDE S.A.,PONCHO VERDE,70126.0
971,94,RIO GRANDE,INDEFINIDA,1,2,LA JUCIELA S.A.,ESTANCIA SAN JULIO,94008.0
886,70,9 DE JULIO,INDEFINIDA,1,1,"GARCIA, ANTONIO",FINCA ANTONIO GARCIA,70063.0
711,62,AVELLANEDA,INDEFINIDA,1,3,BIOVALLE S.A.,CURUNDU - BIOVALLE B - SECTOR HORNERO B - HORNERO C Y PUCCINI NORTE,62014.0
334,50,SAN CARLOS,INDEFINIDA,1,1,BODEGAS Y VIÑEDOS V.O.B. S.A.,FINCA AURA (EX BODEGAS Y VIÑEDOS V.O.B.S.A.),50091.0
1249,70,SAN MARTIN,INDEFINIDO,2,1,GRUPO PEÑAFLOR SA ,NC,70091.0
858,66,ROSARIO DE LA FRONTERA,INDEFINIDA,1,2,MERCADO DANIEL OSVALDO,FINCA QUISCALORO,66140.0
1034,6,SAN ANTONIO DE ARECO,INDEFINIDO,2,2,SPECIAL GRAINS S.A.,NC,6735.0
797,62,EL CUY,INDEFINIDA,1,3,ORGANICOS LA MARGARITA S.R.L.,LA MARGARITA,62035.0
866,66,METAN,INDEFINIDA,1,1,TERMINAL DE CARGAS AEREAS SA,MIRAFLORES,66112.0
1279,90,LA COCHA,INDEFINIDO,2,2,JUAN SIGSTAD S.R.L.,NC,90049.0
894,70,RAWSON,INDEFINIDA,1,2,ICEBERG AGRICOLA S.A.,DE VITA JUAN JESUS,70077.0
1236,66,CAFAYATE,INDEFINIDO,2,1,BODEGAS NANNI S.A.,NC,66021.0
1237,66,CERRILLOS,INDEFINIDO,2,2,DMC AGROINDUSTRIAL SRL,NC,66035.0
960,90,JUAN BAUTISTA ALBERDI,INDEFINIDA,1,2,INVERSIONES MARAPA SRL,FINCA LOS BICHITOS,90042.0
1123,50,MAIPU,RODEO DEL MEDIO,2,2,CAMPO GRANDE S.A.,NC,50070.0
376,50,SANTA ROSA,INDEFINIDA,1,3,JESUS CARLOS FANTELLI E HIJOS,BETTI,50112.0
378,50,GODOY CRUZ,INDEFINIDA,1,2,LA MARIA DE LOS ARBOLES SRL,LA MARIA DE LOS ARBOLES ,50021.0
914,78,GÜER AIKE,INDEFINIDA,1,1,ESTANCIA KILLIK AIKE NORTE S.A.,ESTANCIA KILLIK AIKE NORTE,78021.0
911,78,MAGALLANES,INDEFINIDA,1,1,COMPAÑIA DE TIERRAS SUD ARGENTINO SA,ESTANCIA CORONEL,78042.0
940,86,QUEBRACHOS,INDEFINIDA,1,4,AGRO PROFESIONAL SA,SOL DE JULIO,86140.0
948,86,CAPITAL,INDEFINIDA,1,4,TORRES CLAUDIO F. Y COOPSOL LTDA.,APIARIO BN,86049.0
25,6,CAÑUELAS,INDEFINIDA,1,2,COOPERATIVA GRANJERA ENTRERIANA DE CHACRAS ORGANICAS LTDA.,EL SEÑUELO,6134.0
881,70,ANGACO,INDEFINIDA,1,1,DON DANIEL DE  ABELARDO E. LEIVA Y GRACIELA S. CANTO,ANGACO,70014.0
1246,70,CHIMBAS,INDEFINIDO,2,1,CONEXPORT S.A. (CONSORCIO EXPORTADOR),NC,70042.0
523,54,SAN JAVIER,INDEFINIDA,1,2,GRABARCZUK TERESA/STECIUK NORA ISABEL,IFAI - LOTE 2 A,54105.0
1244,70,SANTA LUCIA,INDEFINIDO,2,2,CASSAB AHUN S.R.L,NC,70098.0
850,66,GUACHIPAS,INDEFINIDA,1,3,ESTANCIA PAMPA GRANDE S.A.A Y C,PAMPA GRANDE,66063.0
678,58,CONFLUENCIA,INDEFINIDA,1,1,LA DELICIOSA S.A.,DON GREGORIO,58035.0
785,62,GENERAL ROCA,INDEFINIDA,1,1,"MARCAL PATAGONICA S.A,",CALDERON  CHINCHINALES,62042.0
723,62,PILCANIYEU,INDEFINIDA,1,1,COMPAÑIA DE TIERRAS SUD ARGENTINO SA,ESTANCIA PILCANIYEU Y SAN PEDRO,62070.0
1238,66,ANTA,CORONEL MOLLINEDO,2,1,ECO AGROPECUARIA SA,NC,66007.0
880,70,ALBARDON,INDEFINIDA,1,1,DON DANIEL DE  ABELARDO E. LEIVA Y GRACIELA S. CANTO,25 DE MAYO,70007.0
923,82,BELGRANO,INDEFINIDA,1,3,EL ROBLE EMPRENDIMIENTOS S.A.,CASA GRANDE,82007.0
1264,82,SAN JAVIER,INDEFINIDO,2,3,PEREZ RAUL ARIEL,NC,82098.0
934,82,SAN LORENZO,INDEFINIDA,1,4,MARIA GABRIELA NARDONI,PENASH,82119.0
1276,90,FAMAILLA,INDEFINIDO,2,2,GREEN PACK S.A.,NC,90028.0
1275,90,MONTEROS,INDEFINIDO,2,2,FINCAZUL S.A.,NC,90070.0
691,58,AÑELO,INDEFINIDA,1,1,SERHEN SRL,CHACRA 32,58014.0
883,70,25 DE MAYO,INDEFINIDA,1,1,EAD AGRICOLA SA (EX CARNES ANDINAS SA),EAD AGRICOLA SA,70126.0
970,94,RIO GRANDE,INDEFINIDA,1,2,ESTANCIAS SARA BRAUN S.A.,ESTANCIA SARA,94008.0
901,70,9 DE JULIO,INDEFINIDA,1,1,VONO SA,FINCA 9 DE JULIO,70063.0
771,62,AVELLANEDA,INDEFINIDA,1,1,LA CONQUISTA SRL,LA CONQUISTA,62014.0
308,50,SAN CARLOS,INDEFINIDA,1,2,AGROLOSANDES S.A.,AGROLOSANDES,50091.0
1107,50,TUNUYAN,INDEFINIDO,2,2,ARGENTBIO S.R.L.,NC,50119.0
1250,70,SAN MARTIN,LA PUNTILLA,2,1,GRUPO PEÑAFLOR SA ,NC,70091.0
856,66,ROSARIO DE LA FRONTERA,INDEFINIDA,1,2,IMPORTADORA DEL CARMEN S.A.,FINCA BELLA VISTA,66140.0
964,90,LULES,INDEFINIDA,1,2,MULTIFRUT S.R.L.,FINCA ZAPULLA,90063.0
1224,62,EL CUY,INDEFINIDO,2,3,ORGANICOS LM S.R.L.,NC,62035.0
836,66,METAN,INDEFINIDA,1,4,ALQUIMIA ARGENTINA SH,LA ARMONIA,66112.0
902,70,SARMIENTO,INDEFINIDA,1,1,VONO SA,ALGODONERA PYMA,70105.0
966,90,LA COCHA,INDEFINIDA,1,2,SIGSTAD JUAN,FINCA LOS PIZARROS Y FINCA SAN IGNACIO,90049.0
1248,70,RAWSON,INDEFINIDO,2,1,"GARCIA, ANTONIO",NC,70077.0
957,90,JUAN BAUTISTA ALBERDI,INDEFINIDA,1,2,GARCIA DANIEL SEBASTIAN  ,ORGANICOS DEL SUR,90042.0
1147,50,MAIPU,INDEFINIDO,2,3,LA AGRICOLA S.A.,NC,50070.0
387,50,SANTA ROSA,INDEFINIDA,1,2,LOS EUCALIPTOS S.A.,FINCA LOS EUCALIPTOS,50112.0
882,70,CAUCETE,INDEFINIDA,1,1,DON DANIEL DE  ABELARDO E. LEIVA Y GRACIELA S. CANTO,DON DANIEL,70035.0
1155,50,GODOY CRUZ,INDEFINIDO,2,1,MENDOZA VINEYARDS S.A.,NC,50021.0
910,78,GÜER AIKE,INDEFINIDA,1,1,COMPAÑIA DE TIERRAS SUD ARGENTINO SA,ESTANCIA CONDOR,78021.0
471,54,SAN JAVIER,INDEFINIDA,1,2,DA ROSA JOSE DANIEL/RODRIGUEZ EDELMIRA/DA ROSA ALEJANDRA,IFAI - LOTE 7,54105.0
1257,70,SANTA LUCIA,INDEFINIDO,2,1,VIÑA MONTPELLIER S.A.,NC,70098.0
649,58,CONFLUENCIA,INDEFINIDA,1,1,"BARTUSCH, RODOLFO",CASA (LOTE 161B),58035.0
726,62,GENERAL ROCA,INDEFINIDA,1,3,COMPAÑIA GENERAL DE FRUTAS S.A.,LA COSTA,62042.0
1262,82,SAN JAVIER,INDEFINIDO,2,3,HOISL MARCELO,NC,82098.0
959,90,FAMAILLA,INDEFINIDA,1,2,GREEN PACK S.A.,FINCA GREEN PACK,90028.0
877,70,25 DE MAYO,INDEFINIDA,1,2,CASSAB AHUN S.R.L,"FINCAS LA VILLA, DISAGRO Y ANITA",70126.0
969,94,RIO GRANDE,INDEFINIDA,1,2,ESTANCIA MARIA BEHETY S.A.,MARIA BEHETY,94008.0
898,70,9 DE JULIO,INDEFINIDA,1,1,PEÑAVID SA,FINCA LAS MORAS,70063.0
730,62,AVELLANEDA,INDEFINIDA,1,1,COSTA DEL RIO S.A.,CAÑADON I,62014.0
1108,50,SAN CARLOS,INDEFINIDO,2,2,ARGENTBIO S.R.L.,NC,50091.0
423,50,TUNUYAN,INDEFINIDA,1,2,VAL DE FLORES S.A.,VAL DE FLORES,50119.0
899,70,SAN MARTIN,INDEFINIDA,1,1,PEÑAVID SA,FINCA SAN MARTIN,70091.0
885,70,SARMIENTO,INDEFINIDA,1,1,FABRIL ALTO VERDE S.A.,"FINCA ""CEPAS""",70105.0
1005,6,CARMEN DE ARECO,INDEFINIDO,2,2,KUMAGRO S.A.,NC,6161.0
864,66,CAFAYATE,INDEFINIDA,1,2,STUTZ RICARDO OSVALDO,LA CHIMPEÑA,66021.0
1278,90,JUAN BAUTISTA ALBERDI,INDEFINIDO,2,2,INVERSIONES MARAPA SRL,NC,90042.0
403,50,MAIPU,INDEFINIDA,1,1,PEÑAVID SA,FINCA TRIBUTO,50070.0
1151,50,SANTA ROSA,INDEFINIDO,2,3,LOGISTICA DEL VALLE COMERCIAL S.A.,NC,50112.0
361,50,GODOY CRUZ,INDEFINIDA,1,2,FIDEICOMISO BAX,FIDEICOMISO BAX,50021.0
626,54,SAN JAVIER,INDEFINIDA,1,2,SUAREZ RAMON OSCAR / JAVIER OSCAR ,IFAI - LOTE QTA 2,54105.0
1245,70,SANTA LUCIA,INDEFINIDO,2,1,CONEXPORT S.A. (CONSORCIO EXPORTADOR),NC,70098.0
650,58,CONFLUENCIA,INDEFINIDA,1,1,"BARTUSCH, RODOLFO",FIDEL (LOTE 154),58035.0
714,62,GENERAL ROCA,INDEFINIDA,1,1,BODEGA CHACRA S.R.L.,CHACRA MENDOZA,62042.0
953,90,FAMAILLA,INDEFINIDA,1,2,ECOBERRIES S.A.,FINCA CLAUDIA,90028.0
956,90,MONTEROS,INDEFINIDA,1,2,FINCAZUL S.A.,FINCA DON D,90070.0
875,70,25 DE MAYO,INDEFINIDA,1,2,CASSAB AHUN S.R.L,FINCA LA PLATA,70126.0
717,62,AVELLANEDA,INDEFINIDA,1,1,BODEGA Y VIÑEDOS PATAGONIA VALLEY S.R.L.,AUGUSTO RIPOLL,62014.0
433,50,SAN CARLOS,INDEFINIDA,1,1,VIÑA ESENCIA S.A.,FINCA ALEGRA,50091.0
1169,50,TUNUYAN,VISTA FLORES,2,2,ROLLAND WINES AND CONSULTING S.A.,NC,50119.0
888,70,SAN MARTIN,INDEFINIDA,1,1,GRUPO PEÑAFLOR SA ,LA PORTEÑA,70091.0
1120,50,MAIPU,COQUIMBITOM,2,1,BODEGAS Y VIÑEDOS V.O.B. S.A.,NC,50070.0
375,50,SANTA ROSA,INDEFINIDA,1,3,JESUS CARLOS FANTELLI E HIJOS,FINCA BODEGA,50112.0
884,70,CAUCETE,INDEFINIDA,1,1,FABRIL ALTO VERDE S.A.,"FINCA ""LA URPILA""",70035.0
943,86,CAPITAL,INDEFINIDA,1,4,JOSE ALBERTO ROTULO Y COOPSOL LTDA.,APIARIO AR,86049.0
646,58,CONFLUENCIA,INDEFINIDA,1,1,"BARTUSCH, ERNESTO",FEDERICO (LOTE 92S93N),58035.0
927,82,SAN JAVIER,INDEFINIDA,1,3,FRANK CARLOS WALTER,CARLOS WALTER FRANK,82098.0
1284,90,MONTEROS,INDEFINIDO,2,2,TIERRA DE ARANDANOS SRL.,NC,90070.0
676,58,AÑELO,INDEFINIDA,1,1,LA DELICIOSA S.A.,LA ISLA,58014.0
710,62,AVELLANEDA,INDEFINIDA,1,3,BIOVALLE S.A.,CHIMPAY II - LA ISLA,62014.0
412,50,SAN CARLOS,LA CONSULTA,1,2,RABIDA ESCOBAR MARIA PAULA,FINCA 2R,50091.0
413,50,TUNUYAN,INDEFINIDA,1,1,S.A. BODEGA ENRIQUE VOLLMER - UCO VALLEY,BODEGAS VOLLMER UCOVALLEY S.A.,50119.0
897,70,RAWSON,INDEFINIDA,1,1,"MAS, MIGUEL (HUERTA ANAHATA)",HUERTA ORGANICA ANAHATA,70077.0
839,66,CAFAYATE,INDEFINIDA,1,1,BODEGAS NANNI S.A.,SAN JOSE DE CHIMPA,66021.0
1105,50,MAIPU,CONQUIMBITO,2,2,ADETECH S.A.,NC,50070.0
432,50,SANTA ROSA,INDEFINIDA,1,2,VILLAR JUAN JOSE,FINCA DOÑA CARMEN,50112.0
942,86,CAPITAL,INDEFINIDA,1,4,GOMEZ BRAVO OSCAR A. Y COOPSOL LTDA.,APIARIO AB,86049.0
445,54,SAN JAVIER,INDEFINIDA,1,2,ANIAYA HILARIO/ALBERT,IFAI - LOTE 15,54105.0
693,58,CONFLUENCIA,INDEFINIDA,1,1,SUC. VANNICOLA RAUL ANTONIO,ESCRAY,58035.0
828,62,GENERAL ROCA,INDEFINIDA,1,1,"URRUTIA, DARIO GABRIEL",6 DE OCTUBRE,62042.0
1269,90,MONTEROS,INDEFINIDO,2,2,AGRICOLA MARES S.A.,NC,90070.0
645,58,AÑELO,INDEFINIDA,1,1,"BARTUSCH, ERNESTO",AÑELO,58014.0
374,50,TUNUYAN,INDEFINIDA,1,2,IZASKUN SA,FINCA CORTESIA,50119.0
367,50,MAIPU,INDEFINIDA,1,3,FRUTOS DE SANTA ROSA S.A.,FRAY LUIS BELTRAN,50070.0
389,50,SANTA ROSA,INDEFINIDA,1,2,MIRAVALLES S.A.,E-30686,50112.0
941,86,CAPITAL,INDEFINIDA,1,4,COOPSOL COOP. DE TRABAJO LTDA.,COOPSOL LORETO - PRODUCTOR,86049.0
625,54,SAN JAVIER,INDEFINIDA,1,2,SUAREZ RAMON OSCAR,IFAI - LOTE 16,54105.0
686,58,CONFLUENCIA,INDEFINIDA,1,1,"RETAMAL FERNANDEZ, JOSE E.","CHACRA ""EPUYEN""",58035.0
1229,62,GENERAL ROCA,INDEFINIDO,2,1,PATAGONIAN FRUITS TRADE SA,NC,62042.0
965,90,MONTEROS,ACHERAL,1,2,NURISTAN S.A.,NURISTAN,90070.0
697,58,AÑELO,INDEFINIDA,1,1,TECNITERRA SACIA,PICADA 8,58014.0
347,50,SAN CARLOS,INDEFINIDA,1,2,COMPAÑIA AGRICOLA EL RODEO S.A.,FINCA ORGANICA SAN CARLOS,50091.0
365,50,TUNUYAN,INDEFINIDA,1,2,FRUTIHORTICOLA SAN NICOLAS SA,FRUTIHORTICOLA SAN NICOLAS,50119.0
340,50,MAIPU,INDEFINIDA,1,1,CAÑA DE CASTILLA SRL,FINCA FABRICA ,50070.0
377,50,SANTA ROSA,INDEFINIDA,1,3,JESUS CARLOS FANTELLI E HIJOS,AGUSTIN,50112.0
661,58,CONFLUENCIA,INDEFINIDA,1,1,DELLA GASPERA ALDO,CHACRA 187,58035.0
1215,62,GENERAL ROCA,INDEFINIDO,2,1,FRUTICULTORES UNIDOS CENTENARIO SRL,NC,62042.0
949,90,MONTEROS,INDEFINIDA,1,2,AGRICOLA MARES S.A.,FINCA LOS JAZMINES,90070.0
333,50,RIVADAVIA,INDEFINIDA,1,3,BODEGAS Y VIÑEDOS BENEDETTI SRL,FINCA LOS CAMPAMENTOS,50084.0
388,50,TUPUNGATO,INDEFINIDA,1,1,"MASI, TUPUNGATO VIGNETI LA ARBOLEDA SA",MASI VIGNETI LA ARBOLEDA SA,50126.0
416,50,SAN MARTIN,INDEFINIDA,1,3,SAVOINI MARIO ANTONIO,FINCA SAVOINI,50098.0
696,58,AÑELO,INDEFINIDA,1,1,TECNITERRA SACIA,CHACRA 20,58014.0
359,50,TUNUYAN,LOS CHACAYES,1,2,ESTANCIA CASA DE UCO S.A.,ESTANCIA CASA DE UCO,50119.0
317,50,JUNIN,INDEFINIDA,1,3,AVE MARIA FIDEICOMISO,FINCA AVE MARIA B,50035.0
892,70,RAWSON,INDEFINIDA,1,2,ICEBERG AGRICOLA S.A.,LENCINAS RAUL,70077.0
1171,50,MAIPU,RODEO DEL MEDIO,2,2,SANES S.A.,NC,50070.0
372,50,SANTA ROSA,INDEFINIDA,1,1,GRUPO PEÑAFLOR SA ,FINCA SANTA ROSA,50112.0
1254,70,CAUCETE,INDEFINIDO,2,1,RINCON AMARILLO S.A.,NC,70035.0
627,54,SAN JAVIER,INDEFINIDA,1,2,TABAREZ ANSELMO,IFAI - LOTE 12,54105.0
670,58,CONFLUENCIA,INDEFINIDA,1,1,ISLAFRUT SRL,ISLA MANZANO,58035.0
401,50,SAN MARTIN,INDEFINIDA,1,1,PATGO S.A,VIÑA PATRICIA,50098.0
695,58,AÑELO,INDEFINIDA,1,1,TECNITERRA SACIA,CHACRA 19A,58014.0
310,50,SAN CARLOS,INDEFINIDA,1,2,AGROSAVER S.A.,FINCA LA AGUANDA,50091.0
345,50,LUJAN DE CUYO,INDEFINIDA,1,1,CK Y ASOCIADOS S.A.,FINCA LUNLUNTA,50063.0
320,50,SAN RAFAEL,INDEFINIDA,1,2,BEATRIZ VASQUEZ Y JUAN CARLOS CAMARGO SH,FINCA RINCON DESEADO,50105.0
890,70,RAWSON,INDEFINIDA,1,2,ICEBERG AGRICOLA S.A.,BORGOGNO LEONARDO,70077.0
354,50,GUAYMALLEN,INDEFINIDA,1,4,EDUARDO Y FABIAN CAMPAGNA SH,LOS CORRALITOS,50028.0
1163,50,MAIPU,INDEFINIDO,2,2,PEDRO Y JORGE CECCHIN S.R.L.,NC,50070.0
1251,70,CAUCETE,INDEFINIDO,2,1,GRUPO PEÑAFLOR SA ,NC,70035.0
623,54,SAN JAVIER,INDEFINIDA,1,2,STECIUK MARIO RICARDO / STECIUK ABEL,IFAI - LOTE 233,54105.0
659,58,CONFLUENCIA,INDEFINIDA,1,1,DALLA VILLA ALBERTO RAUL,LA VIEJA,58035.0
821,62,GENERAL ROCA,INDEFINIDA,1,1,"SANCHEZ, HUGO OSVALDO",CHACRA 229,62042.0
352,50,TUPUNGATO,INDEFINIDA,1,1,DOMAINE JEAN BOUSQUET  S.A.,FINCA DOMAINE BOUSQUET,50126.0
392,50,SAN MARTIN,INDEFINIDA,1,3,MONTLAIZ S.R.L.,DOÑA LIDIA,50098.0
675,58,AÑELO,INDEFINIDA,1,1,LA DELICIOSA S.A.,FRUTICOLA PATAGONIA,58014.0
325,50,LUJAN DE CUYO,INDEFINIDA,1,3,BLANCO JOSE,UGARTECHE,50063.0
1173,50,SAN RAFAEL,INDEFINIDO,2,2,SOLANDES S.A.,NC,50105.0
871,70,RAWSON,INDEFINIDA,1,1,AGRICOLA ORGANICA SRL,AGRICOLA ORGANICA EX/FORESTAL ANDINA DE DIEGO IGLESIAS,70077.0
1152,50,MAIPU,INDEFINIDO,2,3,LOPEZ LOPEZ MANUEL,NC,50070.0
1243,70,CAUCETE,INDEFINIDO,2,1,ALVIPA SRL,NC,70035.0
449,54,SAN JAVIER,INDEFINIDA,1,2,BAEZ ANTONIO SIMEON / RODRIGUEZ TERESA / BAEZ OSCAR RAMON,IFAI - LOTE 169 B,54105.0
802,62,GENERAL ROCA,INDEFINIDA,1,1,"PARRA, ROBERTO",CHACRA 281,62042.0
338,50,TUPUNGATO,INDEFINIDA,1,2,CAMPOS DE LA COLONIA S.A.,FINCA LAS UVAS,50126.0
321,50,LUJAN DE CUYO,INDEFINIDA,1,1,BEAU LIEU S.A.,BEAU LIEU SA,50063.0
1172,50,SAN RAFAEL,RAMA CAIDA,2,2,SENAREGA NELSON MARIO,NC,50105.0
1144,50,MAIPU,INDEFINIDO,2,1,GRUPO PEÑAFLOR SA ,NC,50070.0
878,70,CAUCETE,INDEFINIDA,1,1,"CRESCENTINO, HECTOR HUGO",ECOHUMUS,70035.0
604,54,SAN JAVIER,INDEFINIDA,1,2,SAVISKI ELVIO OSCAR,IFAI - LOTE 29,54105.0
789,62,GENERAL ROCA,INDEFINIDA,1,1,MORRIS GLYNDWR LEONARDO,MORRIS GLYNDWR LEONARDO,62042.0
324,50,TUPUNGATO,INDEFINIDA,1,1,BIO-ARGENTINA S.A.,LA CELESTE,50126.0
335,50,SAN MARTIN,INDEFINIDA,1,2,BUONO BENITO ARNALDO,BUONO BENITO ARNALDO,50098.0
672,58,AÑELO,INDEFINIDA,1,1,LA DELICIOSA S.A.,BIOPATAGONIA,58014.0
313,50,LUJAN DE CUYO,INDEFINIDA,1,1,ARTEL INC,EL LUCAS,50063.0
1133,50,MAIPU,INDEFINIDO,2,2,ECO HOLDING S.R.L.,NC,50070.0
587,54,SAN JAVIER,INDEFINIDA,1,2,RAMOS HILARIO LECER / HAMMERSMITH CLAUDIO /  HAMERSMITH CRISTINA MABEL / RAMOS NELCI MABEL,IFAI - LOTE 17,54105.0
677,58,CONFLUENCIA,INDEFINIDA,1,1,LA DELICIOSA S.A.,AIVEN,58035.0
786,62,GENERAL ROCA,INDEFINIDA,1,1,"MARCAL PATAGONICA S.A,",CALDERON REGINA,62042.0
326,50,SAN MARTIN,INDEFINIDA,1,1,"BOCARDO, MARCELO",MARCELO BOCARDO,50098.0
665,58,AÑELO,INDEFINIDA,1,1,ESTABLECIMIENTO NICOLAS S.R.L,NICOLAS,58014.0
327,50,LUJAN DE CUYO,INDEFINIDA,1,1,BODEGA ARGENTO S.A.,FINCA UGARTECHE,50063.0
663,58,CONFLUENCIA,INDEFINIDA,1,1,DELLA GASPERA ALDO,LA CASA,58035.0
776,62,GENERAL ROCA,INDEFINIDA,1,1,LAINO HERMANOS S.A.,CHACRA 197,62042.0
664,58,AÑELO,INDEFINIDA,1,1,DOS RIOS SA,EL CRUCE,58014.0
1180,50,LUJAN DE CUYO,INDEFINIDO,2,3,VITTORI ROBERTO Y VERONICA S.H.,NC,50063.0
425,50,MAIPU,INDEFINIDA,1,3,VALENCIA MIGUEL,LOS ALAMOS,50070.0
472,54,SAN JAVIER,INDEFINIDA,1,2,DA SILVA ARI/JOSE,IFAI - LOTE 72,54105.0
648,58,AÑELO,INDEFINIDA,1,1,"BARTUSCH, RODOLFO",RIO NEUQUEN,58014.0
1159,50,LUJAN DE CUYO,AGRELO,2,1,OJO DE VINO SA ,NC,50063.0
402,50,MAIPU,RUSSELL,1,2,PEDRO Y JORGE CECCHIN S.R.L.,FINCAS RUSSEL  - JUNIN  - UGARTECHE,50070.0
692,58,CONFLUENCIA,INDEFINIDA,1,1,"STANGAFERRO, SERGIO",CHACRA 82-S,58035.0
729,62,GENERAL ROCA,INDEFINIDA,1,3,COMPAÑIA GENERAL DE FRUTAS S.A.,SECCION TERCERA,62042.0
1158,50,LUJAN DE CUYO,PEDRIEL,2,1,OJO DE VINO SA ,NC,50063.0
462,54,SAN JAVIER,INDEFINIDA,1,2,CARDOZO RICARDO ROGELIO ,IFAI - LOTE 172,54105.0
751,62,GENERAL ROCA,INDEFINIDA,1,1,FRUTICULTORES EMPACADORES DE GENERAL ROCA S.A.C.I.A.E I.,DON PEDRO,62042.0
1143,50,LUJAN DE CUYO,INDEFINIDO,2,2,FINCAS PATAGONICAS S.A.,NC,50063.0
621,54,SAN JAVIER,INDEFINIDA,1,2,STECIUK ELIDA TERESITA/ RAEL OMAR DE OLIVERA / PALCZIKONSKI ALBINO,IFAI - LOTE 38-39-40,54105.0
684,58,CONFLUENCIA,INDEFINIDA,1,1,"PAULOVICH, JUAN CARLOS",CHACRA CHINA MUERTA,58035.0
782,62,GENERAL ROCA,INDEFINIDA,1,1,LUISI ANTONIO,CHACRA N° 270,62042.0
1142,50,LUJAN DE CUYO,INDEFINIDO,2,1,FINCA VON WIGSTEIN S.A.,NC,50063.0
430,50,SAN RAFAEL,INDEFINIDA,1,1,VALENTIN BIANCHI SACIF ,FINCA LAS PAREDES,50105.0
598,54,SAN JAVIER,INDEFINIDA,1,2,ROTTA HERMELINDO / ROTTA GLADIS NOEMI,IFAI - LOTE 69,54105.0
1139,50,LUJAN DE CUYO,INDEFINIDO,2,3,ESTABLECIMIENTOS VITIVINICOLAS ESCORIHUELA S.A.,NC,50063.0
681,58,CONFLUENCIA,INDEFINIDA,1,1,LA DELICIOSA S.A.,LOTES 5B Y 5A,58035.0
735,62,GENERAL ROCA,INDEFINIDA,1,1,"DALLA PRIA, ALBERTO Y EDUARDO S.H.",CHACRA 340,62042.0
1138,50,LUJAN DE CUYO,INDEFINIDO,2,3,EMPRESA COMERCIAL EXPORTADORA S.A.,NC,50063.0
428,50,SAN RAFAEL,INDEFINIDA,1,1,VALENTIN BIANCHI SACIF ,FINCA ASTI,50105.0
679,58,CONFLUENCIA,INDEFINIDA,1,1,LA DELICIOSA S.A.,DOÑA PEPA,58035.0
702,62,GENERAL ROCA,INDEFINIDA,1,1,AGRO ROCA SA,LA ZAMBA,62042.0
419,50,SAN RAFAEL,INDEFINIDA,1,2,STAGNITTI ALBERTO,LA MACARENA,50105.0
341,50,MAIPU,INDEFINIDA,1,1,CAÑA DE CASTILLA SRL,FINCA IRIGOYEN ,50070.0
549,54,SAN JAVIER,INDEFINIDA,1,2,MARLANDER JORGE ALFREDO / EZEQUIEL,IFAI - LOTE 7,54105.0
669,58,CONFLUENCIA,INDEFINIDA,1,1,GURE ECHEA S.R.L,GERNIKA,58035.0
1135,50,LUJAN DE CUYO,AGRELO,2,1,EL MORO SRL ,NC,50063.0
331,50,MAIPU,INDEFINIDA,1,3,BODEGAS Y VIÑEDOS BENEDETTI SRL,FINCA LA ISLA,50070.0
668,58,CONFLUENCIA,INDEFINIDA,1,1,GONZALEZ ALDO DONATO,GONZALEZ ALDO DONATO,58035.0
1126,50,LUJAN DE CUYO,PEDRIEL,2,1,CK Y ASOCIADOS S.A.,NC,50063.0
309,50,MAIPU,FRAY LUIS BELTRAN,1,2,AGROROSAL S.A.,FINCA LA LUCERA,50070.0
486,54,SAN JAVIER,INDEFINIDA,1,2,DO SANTOS UBALDO / LUCIA / LUCAS UBALDO DO SANTOS,IFAI - LOTE 150,54105.0
804,62,GENERAL ROCA,INDEFINIDA,1,1,"PARRA, ROBERTO",EDU II,62042.0
1121,50,LUJAN DE CUYO,AGRELO,2,1,BODEGAS Y VIÑEDOS V.O.B. S.A.,NC,50063.0
485,54,SAN JAVIER,INDEFINIDA,1,2,DO SANTOS JUAN RAMON / RAMON,IFAI - LOTE 43,54105.0
666,58,CONFLUENCIA,INDEFINIDA,1,1,GARCIA MARIO ALBERTO,DON CHICHO,58035.0
761,62,GENERAL ROCA,INDEFINIDA,1,1,HURACAN FRUIT S.R.L.,CHACRA 145E,62042.0
360,50,SAN RAFAEL,INDEFINIDA,1,2,FENIX S.A.,FINCA REAL DEL PADRE,50105.0
484,54,SAN JAVIER,INDEFINIDA,1,2,DENI ANTONIO / BATIROLLA LUIS PABLO / BATIROLA GUSTAVO,IFAI - LOTE FISCAL,54105.0
834,62,GENERAL ROCA,INDEFINIDA,1,1,"VIZZOTTO, ALBERTO",VIZZOTTO ALBERTO,62042.0
336,50,SAN RAFAEL,COLONIA LOPEZ,1,2,CAMPAL S.A.,FINCA EL CAMPAL,50105.0
467,54,SAN JAVIER,INDEFINIDA,1,2,CHESSANI MAXIMO,IFAI - LOTE 69,54105.0
424,50,LUJAN DE CUYO,INDEFINIDA,1,3,VALENCIA MIGUEL,LA SERENA,50063.0
451,54,SAN JAVIER,INDEFINIDA,1,2,BALSARI EDGARDO ENRIQUE,IFAI - LOTE 77,54105.0
740,62,GENERAL ROCA,INDEFINIDA,1,1,ESTABLECIMIENTO SOLEDAD SA,CHACRA Nº 385,62042.0
420,50,LUJAN DE CUYO,INDEFINIDA,1,2,TACCHINI FABIO,VISTALBA,50063.0
524,54,SAN JAVIER,INDEFINIDA,1,2,GROSS VICTOR DANIEL,IFAI - LOTE 8F,54105.0
407,50,LUJAN DE CUYO,INDEFINIDA,1,3,PROVIVA S.R.L.,DRUMMOND,50063.0
651,58,CONFLUENCIA,INDEFINIDA,1,1,"BARTUSCH, RODOLFO",Nº 205 Y Nº 206,58035.0
712,62,GENERAL ROCA,INDEFINIDA,1,1,BODEGA CHACRA S.R.L.,CHACRA 356 LOTE B DON TOMASO,62042.0
398,50,LUJAN DE CUYO,PERDRIEL,1,2,ORGANIC COSTAFLORES S.A.,FINCA COSTAFLORES,50063.0
491,54,SAN JAVIER,INDEFINIDA,1,2,DURAN AMBROSIO,IFAI - LOTE 44,54105.0
647,58,CONFLUENCIA,INDEFINIDA,1,1,"BARTUSCH, ERNESTO",RESIDENCIA (LOTE 161A),58035.0
793,62,GENERAL ROCA,INDEFINIDA,1,1,"MUÑOZ, MARIA LUISA",MUÑOZ MARIA LUISA,62042.0
382,50,LUJAN DE CUYO,INDEFINIDA,1,2,LAS YEGUAS S.A.,LAS YEGUAS,50063.0
364,50,LUJAN DE CUYO,INDEFINIDA,1,1,FINCA VON WIGSTEIN,FINCA ALPAMANTA,50063.0
601,54,SAN JAVIER,INDEFINIDA,1,2,SADI LEIRIA,IFAI - LOTE 165,54105.0
357,50,LUJAN DE CUYO,INDEFINIDA,1,3,EMPRESA COMERCIAL EXPORTADORA S.A.,CHACRAS DE CORIA,50063.0
532,54,SAN JAVIER,INDEFINIDA,1,2,KAPELINSKI JOSE ESTEBAN/CRISTIAN ARIEL,IFAI - LOTE 1 B,54105.0
489,54,SAN JAVIER,INDEFINIDA,1,2,DURAN AMBROSIO,IFAI - LOTE 73,54105.0
715,62,GENERAL ROCA,INDEFINIDA,1,1,BODEGA NOEMIA DE PATAGONIA SA,BODEGA NOEMIA DE PATAGONIA SA,62042.0
315,50,LUJAN DE CUYO,INDEFINIDA,1,2,ASOC. COOP. EEA INTA MENDOZA,ASOCIACION COOPERADORA DE EEA MENDOZA INTA,50063.0
495,54,SAN JAVIER,INDEFINIDA,1,2,ENGER LIZARDO LUIS,IFAI - LOTE 152,54105.0
713,62,GENERAL ROCA,INDEFINIDA,1,1,BODEGA CHACRA S.R.L.,CHACRA 357 LOTE B,62042.0
314,50,LUJAN DE CUYO,INDEFINIDA,1,1,ARTEL INC,EL TINCHO,50063.0
624,54,SAN JAVIER,INDEFINIDA,1,2,SUAREZ MARIA NELLI,IFAI - LOTE QTA 13,54105.0
311,50,LUJAN DE CUYO,INDEFINIDA,1,3,ALTOS LAS HORMIGAS SAVYC,ALTOS LAS HORMIGAS FINCA,50063.0
613,54,SAN JAVIER,INDEFINIDA,1,2,SILVA ILDEMAR ELIZARDO,IFAI - LOTE 17,54105.0
1223,62,GENERAL ROCA,INDEFINIDO,2,1,MARESBA SRL,NC,62042.0
551,54,SAN JAVIER,INDEFINIDA,1,2,MARQUEZ JUAN ANDRES,IFAI - LOTE 145,54105.0
550,54,SAN JAVIER,INDEFINIDA,1,2,MARLANDER JORGE ALFREDO / MARLANDER EZEQUIEL/ STECIUK MATIAS,IFAI - LOTE 8,54105.0
1228,62,GENERAL ROCA,INDEFINIDO,2,1,PATAGONIAN FRUITS TRADE SA,NC,62042.0
530,54,SAN JAVIER,INDEFINIDA,1,2,JAKIMZUK LIDIA/ OLIVERA RUBEN,IFAI - LOTE 8,54105.0
1214,62,GENERAL ROCA,INDEFINIDO,2,1,FRUTICULTORES EMPACADORES DE GENERAL ROCA S.A.C.I.A.E I.,NC,62042.0
507,54,SAN JAVIER,INDEFINIDA,1,2,FERREYRA LIDIO RAMON/ELIZARDO GABRIEL,IFAI - LOTE 150,54105.0
1210,62,GENERAL ROCA,INDEFINIDO,2,1,AGRO ROCA SA,NC,62042.0
503,54,SAN JAVIER,INDEFINIDA,1,2,FERNANDEZ PEREIRA JOSE / JOSE HECTOR,IFAI - LOTE 94,54105.0
833,62,GENERAL ROCA,INDEFINIDA,1,1,VIZZOTTO RICARDO,VIZZOTTO RICARDO,62042.0
832,62,GENERAL ROCA,INDEFINIDA,1,1,VILLARRAZA HORACIO,CHACRA N° 304,62042.0
458,54,SAN JAVIER,INDEFINIDA,1,2,BUNNKOWSKI ELIO MARIO,IFAI - LOTE 115,54105.0
829,62,GENERAL ROCA,INDEFINIDA,1,1,"URRUTIA, DARIO GABRIEL",CHACRA 197,62042.0
822,62,GENERAL ROCA,INDEFINIDA,1,1,"SANCHEZ, HUGO OSVALDO",LA MAGNOLIA,62042.0
813,62,GENERAL ROCA,INDEFINIDA,1,1,"RISKIN, HECTOR SERGIO",SERGIO RISKIN,62042.0
810,62,GENERAL ROCA,INDEFINIDA,1,1,RIBEREÑA DE RIO NEGRO S.A.,LA RIBEREÑA (I Y II),62042.0
619,54,SAN JAVIER,INDEFINIDA,1,2,SOLIS LEONEL JOSE/DOWBUZ LILIANA,IFAI - LOTE 20,54105.0
809,62,GENERAL ROCA,INDEFINIDA,1,1,"RETAMAL FERNANDEZ, JOSE E.",LA CHILA,62042.0
610,54,SAN JAVIER,INDEFINIDA,1,2,SEMAINKO JUAN ALBERTO / DANIEL,IFAI - LOTE 54,54105.0
606,54,SAN JAVIER,INDEFINIDA,1,2,SCHOLLES LUIS OSCAR / JOSE LUIS,IFAI - LOTE 41,54105.0
803,62,GENERAL ROCA,INDEFINIDA,1,1,"PARRA, ROBERTO",CHACRA Nº 269,62042.0
599,54,SAN JAVIER,INDEFINIDA,1,2,ROTTA JOSE OSCAR/JOSE MARCELO,IFAI - LOTE 80,54105.0
800,62,GENERAL ROCA,INDEFINIDA,1,3,PAISSANIDIS S.A.C.I.A.,155,62042.0
799,62,GENERAL ROCA,INDEFINIDA,1,3,PAISSANIDIS S.A.C.I.A.,171,62042.0
794,62,GENERAL ROCA,INDEFINIDA,1,1,"MUÑOZ, MIGUEL","MUÑOZ, MIGUEL",62042.0
526,54,SAN JAVIER,INDEFINIDA,1,2,HARTMANN MARIO / PRESTES LORENA ADRIANA / PRESTES CARLOS DAVID,IFAI - LOTE 69,54105.0
783,62,GENERAL ROCA,INDEFINIDA,1,1,"LUSTIG, SCHOLZ, MANSO Y OTROS",LA VARELA,62042.0
781,62,GENERAL ROCA,INDEFINIDA,1,1,LUISI ANTONIO,CHACRA N° 258,62042.0
511,54,SAN JAVIER,INDEFINIDA,1,2,FISHER CLAUDIO ARIEL/ TIERLING RAUL,IFAI - LOTE 8,54105.0
778,62,GENERAL ROCA,INDEFINIDA,1,1,LAINO HERMANOS S.A.,LA CASONA,62042.0
510,54,SAN JAVIER,INDEFINIDA,1,2,FISCHER ARMINDO,IFAI - LOTE 72,54105.0
777,62,GENERAL ROCA,INDEFINIDA,1,1,LAINO HERMANOS S.A.,CHACRA 231,62042.0
493,54,SAN JAVIER,INDEFINIDA,1,2,ENGER LIZARDO / RIVERO GLADIS A / AYALA ESILDA ENGER,IFAI - LOTE 148,54105.0
774,62,GENERAL ROCA,INDEFINIDA,1,1,LAINO HERMANOS S.A.,CHACRA 168,62042.0
461,54,SAN JAVIER,INDEFINIDA,1,2,CARDOZO RICARDO ROGELIO,IFAI - LOTE 89,54105.0
766,62,GENERAL ROCA,INDEFINIDA,1,1,JOSE BARRESI S.A.,CHACRA 153 BIS,62042.0
763,62,GENERAL ROCA,INDEFINIDA,1,1,ISLAFRUT SRL,ISLAFRUT,62042.0
1187,54,SAN JAVIER,INDEFINIDO,2,2,INGENIO SAN JAVIER,NC,54105.0
755,62,GENERAL ROCA,INDEFINIDA,1,2,GARCIA MARIA NELIDA,PUENTE COLORADO,62042.0
639,54,SAN JAVIER,INDEFINIDA,1,2,VARGAS PACHECO JOSE CARLOS / DOMINGUEZ NETO ELIO / MACHADO BARCELLOS JOEL / MACHADO ARLINDO,IFAI - LOTE 28,54105.0
752,62,GENERAL ROCA,INDEFINIDA,1,1,FRUTICULTORES EMPACADORES DE GENERAL ROCA S.A.C.I.A.E I.,LA COSTANERA,62042.0
638,54,SAN JAVIER,INDEFINIDA,1,2,VARGAS PACHECO JOSE CARLOS / DOMINGUEZ NETO ELIO / MACHADO BARCELLOS JOEL / MACHADO ARLINDO,IFAI - LOTE 28,54105.0
750,62,GENERAL ROCA,INDEFINIDA,1,1,FRUTICULTORES EMPACADORES DE GENERAL ROCA S.A.C.I.A.E I.,CHACRA 204,62042.0
636,54,SAN JAVIER,INDEFINIDA,1,2,VALENZUELA TERESA / MAURICIO,IFAI - LOTE 137,54105.0
634,54,SAN JAVIER,INDEFINIDA,1,2,TRINDADES RUBEN ANGEL,IFAI - LOTE 711,54105.0
739,62,GENERAL ROCA,INDEFINIDA,1,1,ESTABLECIMIENTO SOLEDAD SA,CHACRA 363,62042.0
632,54,SAN JAVIER,INDEFINIDA,1,2,TRACHUK JOSE JAVIER / TRACHUK JOSE LUIS / TRACHUK EMILIO TEOFILO,IFAI - LOTE 65,54105.0
737,62,GENERAL ROCA,INDEFINIDA,1,3,ERICH JUAN  ROSAUER ,COMODATO: ZOILO S.A/ JUAN ERICH ROSAUER,62042.0
629,54,SAN JAVIER,INDEFINIDA,1,2,TAVAREZ CARLOS ANSELMO/ ANSELMO,IFAI - LOTE 18,54105.0
732,62,GENERAL ROCA,INDEFINIDA,1,3,COSTANZI EDGARDO MARIO SILVIO,LA COSTA,62042.0
724,62,GENERAL ROCA,INDEFINIDA,1,3,COMPAÑIA GENERAL DE FRUTAS S.A.,ELSA 1 Y 2,62042.0
612,54,SAN JAVIER,INDEFINIDA,1,2,SILVA ARMANDO ARIEL / ADAN,IFAI - LOTE 21,54105.0
722,62,GENERAL ROCA,INDEFINIDA,1,1,COMPAÑIA DE PRODUCCION FRUTIHORTICOLA  SA,BUONA MELA,62042.0
721,62,GENERAL ROCA,INDEFINIDA,1,1,COMPAÑIA DE PRODUCCION FRUTIHORTICOLA  SA,BIO CAÑADON COLLETTI,62042.0
609,54,SAN JAVIER,INDEFINIDA,1,2,SELL MIGUEL,IFAI - LOTE 54,54105.0
716,62,GENERAL ROCA,INDEFINIDA,1,1,BODEGA NOEMIA DE PATAGONIA SA,CHACRA 357 LOTE 2B MAINQUE,62042.0
608,54,SAN JAVIER,INDEFINIDA,1,2,SELL JUAN,IFAI - LOTE 65,54105.0
607,54,SAN JAVIER,INDEFINIDA,1,2,SEGOVIA NADIA SOLEDAD / CRUZ MARCELO,IFAI - LOTE 78,54105.0
708,62,GENERAL ROCA,INDEFINIDA,1,1,"BARZI, GUILLERMO AMADEO",CHACRA 173,62042.0
603,54,SAN JAVIER,INDEFINIDA,1,2,SAVISKI CARLOS FRANCISCO,IFAI - LOTE 39 - 40,54105.0
602,54,SAN JAVIER,INDEFINIDA,1,2,SAPOZNIK ANTONIO,IFAI - LOTE 1 Y 2,54105.0
706,62,GENERAL ROCA,INDEFINIDA,1,3,ANTONINO MARIA ELENA DE COSTANZI,SANTA ELENA,62042.0
597,54,SAN JAVIER,INDEFINIDA,1,2,ROTTA  JOSE OSCAR/JOSE MARCELO,IFAI - LOTE 79 SUR,54105.0
704,62,GENERAL ROCA,INDEFINIDA,1,1,ANTIGUA SA (EX GARRIDO ROBERTO),CHACRA 145,62042.0
700,62,GENERAL ROCA,INDEFINIDA,1,1,AGRO ROCA SA,LA CONSTANCIA,62042.0
592,54,SAN JAVIER,INDEFINIDA,1,2,RODRIGUEZ JOSE CARLOS/ ELVIO MARINO ,IFAI - LOTE 17,54105.0
1,6,BARADERO,INDEFINIDA,1,2,ADD CROPS S.A.,BARADERO 2,6070.0
280,46,CHILECITO,INDEFINIDA,1,1,COOPERATIVA VITIVINIFRUTICOLA  LA RIOJANA LTDA.,FINCA CIUDADELA,46042.0
106,6,BOLIVAR,INDEFINIDA,1,2,RIVARA S.A.,EL ROSARIO (MANUBI),6105.0
105,6,BOLIVAR,INDEFINIDA,1,2,RIVARA S.A.,EL FORTIN Y LOS MEDANOS,6105.0
243,30,CONCORDIA,INDEFINIDA,1,3,"NEOFARMS SRL/GUIDOBONO JOSE MARIA/CALERO GUILLERMO,",POOL CONSORCIO - UNIDAD D,30015.0
289,46,CHILECITO,INDEFINIDA,1,1,FREZZI SACIAG,FINCA FREZZI,46042.0
240,30,CONCORDIA,INDEFINIDA,1,3,"NEOFARMS SRL/GUIDOBONO JOSE MARIA/CALERO GUILLERMO,",POOL CONSORCIO - UNIDAD A,30015.0
239,30,CONCORDIA,INDEFINIDA,1,3,NEOFARMS S.R.L. / GUIDOBONO JOSE MARIA / CALERO GUILLERMO,LA EMILIA (EX LA PRIMAVERA),30015.0
304,46,CHILECITO,INDEFINIDA,1,1,ORO NEGRO S.A.,ORO NEGRO,46042.0
237,30,CONCORDIA,INDEFINIDA,1,3,MAGNO S.A.,LAS ACHURAS,30015.0
301,46,CHILECITO,INDEFINIDA,1,1,OLIVARES S.A.,OLIVARES S.A.,46042.0
224,30,CONCORDIA,INDEFINIDA,1,3,GUIDOBONO JOSE MARIA,LA URBANA,30015.0
1101,46,CHILECITO,INDEFINIDO,2,1,L.I.R.A. S.A.,NC,46042.0
1100,46,CHILECITO,INDEFINIDO,2,1,L.I.R.A. S.A.,NC,46042.0
1092,46,CHILECITO,INDEFINIDO,2,1,COOPERATIVA VITIVINIFRUTICOLA  LA RIOJANA LTDA.,NC,46042.0
305,46,CHILECITO,INDEFINIDA,1,1,"SUELDO GIORGI, LAURA",FINCA MACHIA,46042.0
293,46,CHILECITO,INDEFINIDA,1,1,"GONZALEZ, MARIO HERNAN",EX-BERETTA,46042.0
292,46,CHILECITO,INDEFINIDA,1,1,"GONZALEZ RODRIGUEZ, GERMAN",DON BERNABE,46042.0
288,46,CHILECITO,INDEFINIDA,1,1,FREZZI SACIAG,FINCA FREZZI II,46042.0
287,46,CHILECITO,INDEFINIDA,1,1,FINCA CERES SRL,FINCA CERES (EX-AGRICOLA SAN CAYETANO 6),46042.0
284,46,CHILECITO,INDEFINIDA,1,1,"DE LA VEGA, EDUARDO DANIEL",MARTA ELENA,46042.0
282,46,CHILECITO,INDEFINIDA,1,1,COOPERATIVA VITIVINIFRUTICOLA  LA RIOJANA LTDA.,PARCELA 12,46042.0
274,46,CHILECITO,INDEFINIDA,1,1,"BELLAN, EDGARDO CHARBEL MARIA",LAS TRES MARIAS,46042.0
590,54,SAN JAVIER,INDEFINIDA,1,2,RIVERO GLADIS ANSELMA,IFAI - LOTE 176,54105.0
589,54,SAN JAVIER,INDEFINIDA,1,2,REIS JACINTO / REIS JORGE LUIS / REIS ROBERTO ABEL,IFAI - LOTE 37 B,54105.0
586,54,SAN JAVIER,INDEFINIDA,1,2,QUEVEDO LUIS ALBERTO,IFAI - LOTE 29,54105.0
585,54,SAN JAVIER,INDEFINIDA,1,2,PRIETTO ANGEL GABRIEL,IFAI - LOTE 19,54105.0
584,54,SAN JAVIER,INDEFINIDA,1,2,PRICHODA TEODORO BASILIO/ JORGE RICARDO,IFAI - LOTE 10,54105.0
583,54,SAN JAVIER,INDEFINIDA,1,2,PORTO CARLOS JAVIER,IFAI - LOTE 28 A,54105.0
582,54,SAN JAVIER,INDEFINIDA,1,2,PIEKA ANTONIO / SVIRCZ ELIAS,IFAI - LOTE 21,54105.0
581,54,SAN JAVIER,INDEFINIDA,1,2,PEREYRA DE RAMOS ABEL/EZEQUIEL,IFAI - LOTE 44,54105.0
578,54,SAN JAVIER,INDEFINIDA,1,2,PEREIRA MARIANO LIZARDO,IFAI - LOTE 143,54105.0
573,54,SAN JAVIER,INDEFINIDA,1,2,OLIVERA RUBEN / JAKIMZUK LIDIA / OLIVERA CESAR,IFAI - LOTE 196,54105.0
572,54,SAN JAVIER,INDEFINIDA,1,2,OLIVERA RUBEN / JAKIMZUK LIDIA / OLIVERA CESAR,IFAI - LOTE 198,54105.0
566,54,SAN JAVIER,INDEFINIDA,1,2,OLIVERA RAMON HECTOR,IFAI - LOTE 43,54105.0
565,54,SAN JAVIER,INDEFINIDA,1,2,OLIVERA ENRIQUE/ BENITO/DE MATTOS CLAUDIA / DA SILVA NATANAEL,IFAI - LOTE 198,54105.0
563,54,SAN JAVIER,INDEFINIDA,1,2,OLEJNIK CARLOS/ESPINDOLA JORGE RAMON,IFAI - LOTE 27 A,54105.0
560,54,SAN JAVIER,INDEFINIDA,1,2,NUÑEZ JUAN BAUTISTA/ GIMENEZ ULISES,IFAI - LOTE B1,54105.0
559,54,SAN JAVIER,INDEFINIDA,1,2,NUÑEZ JUAN AMERICO/MARIA ANGELICA,IFAI - LOTE E,54105.0
556,54,SAN JAVIER,INDEFINIDA,1,2,NELCI SANTIAGO / GENESINI HILDA INES,IFAI - LOTE FISCAL,54105.0
554,54,SAN JAVIER,INDEFINIDA,1,2,MORAES LUCAS,IFAI - LOTE 71 Y SOBRANTE,54105.0
547,54,SAN JAVIER,INDEFINIDA,1,2,MARCELO MANUEL LIMA / MANUEL ALTAMIRO LIMA,IFAI - LOTE 4,54105.0
546,54,SAN JAVIER,INDEFINIDA,1,2,MACHADO MIGUEL/SOLIS ELBA BEATRIZ/MACHADO FABIANA,IFAI - LOTE 14 B,54105.0
541,54,SAN JAVIER,INDEFINIDA,1,2,LASSER TERESA/ MITTIL JUAN CARLOS  / MITTIL JUAN CARLOS (HIJO),IFAI - LOTE 5,54105.0
537,54,SAN JAVIER,INDEFINIDA,1,2,KREUNING JORGE,IFAI - LOTE 96,54105.0
534,54,SAN JAVIER,INDEFINIDA,1,2,KLUGE JORGE ALFREDO,IFAI - LOTE 41,54105.0
533,54,SAN JAVIER,INDEFINIDA,1,2,KAPELINSKI JOSE ESTEBAN/CRISTIAN ARIEL,IFAI - LOTE 17,54105.0
522,54,SAN JAVIER,INDEFINIDA,1,2,GONZALEZ OSVALDO MARTIN,IFAI - LOTE 15,54105.0
520,54,SAN JAVIER,INDEFINIDA,1,2,GONZALEZ CLAUDIA/BECKER OSCAR,IFAI - LOTE 36,54105.0
518,54,SAN JAVIER,INDEFINIDA,1,2,GOMEZ HECTOR,IFAI - LOTE 94,54105.0
517,54,SAN JAVIER,INDEFINIDA,1,2,GOMEZ CARLOS RUBEN,IFAI - LOTE 153,54105.0
514,54,SAN JAVIER,INDEFINIDA,1,2,GALVAN MARIELA ANDREA,IFAI - LOTE 4,54105.0
504,54,SAN JAVIER,INDEFINIDA,1,2,FERREYRA BLANCA LUCY,IFAI - LOTE 179,54105.0
502,54,SAN JAVIER,INDEFINIDA,1,2,ESPINDOLA ALCIMIRO / FLORES MARTA,IFAI - LOTE 24 A,54105.0
498,54,SAN JAVIER,INDEFINIDA,1,2,ESCARVADOFSKI LIZARDO TOMAS / CERRI ORESTINA,IFAI - LOTE 39 B,54105.0
490,54,SAN JAVIER,INDEFINIDA,1,2,DURAN AMBROSIO,IFAI - LOTE 12 Y 7,54105.0
482,54,SAN JAVIER,INDEFINIDA,1,2,DE OLIVERA HUMBERTO / ANIAYA HECTOR,IFAI - LOTE 19,54105.0
478,54,SAN JAVIER,INDEFINIDA,1,2,DE OLIVERA CARLOS ORLANDO,IFAI - LOTE 11,54105.0
476,54,SAN JAVIER,INDEFINIDA,1,2,DE MIRANDA JUAN FRANCISCO/ DE MIRANDA JOSE FRANCISCO,IFAI - LOTE 173,54105.0
475,54,SAN JAVIER,INDEFINIDA,1,2,DE LIMA ANGEL / MARTINEZ EZEQUIEL / SEGOVIA NADIA SOLEDAD,IFAI - LOTE 18-20,54105.0
473,54,SAN JAVIER,INDEFINIDA,1,2,DALINGER MARGARITA IRENE,IFAI - LOTE 3 D,54105.0
470,54,SAN JAVIER,INDEFINIDA,1,2,DA ROSA CARLOS/ WALTER FERREIRA DA ROSA / DE MATTOS BENITO / DE MATTOS MARIO,IFAI - LOTE 128 A,54105.0
466,54,SAN JAVIER,INDEFINIDA,1,2,CHESSANI JORGE / IASINSKI DANIELA LUCIA,IFAI - LOTE 15,54105.0
464,54,SAN JAVIER,INDEFINIDA,1,2,CARRE EMILIO/ ROJAS LILA AIDHEE / CARRE ULISES RAMON,IFAI - LOTE 4,54105.0
460,54,SAN JAVIER,INDEFINIDA,1,2,CARDOZO JOSE LUIS,IFAI - LOTE 119 B,54105.0
459,54,SAN JAVIER,INDEFINIDA,1,2,CARDOZO ARLINDO JESUS / CARDOZO JESUS FELIX,IFAI - LOTE 143,54105.0
456,54,SAN JAVIER,INDEFINIDA,1,2,BOWALCZUK JESUS RAUL,IFAI - LOTE 11,54105.0
455,54,SAN JAVIER,INDEFINIDA,1,2,BOGLIOTI JUAN JOSE,IFAI - LOTE 1,54105.0
448,54,SAN JAVIER,INDEFINIDA,1,2,ARJOL RICARDO ALFREDO / DOMINGUEZ CARLOS ALFREDO,IFAI - LOTE 3 Y 7,54105.0
446,54,SAN JAVIER,INDEFINIDA,1,2,ANIAYA HILARIO/ALBERT,IFAI - LOTE 35,54105.0
444,54,SAN JAVIER,INDEFINIDA,1,2,ANIAYA HILARIO/ ANIAYA ALBERT / REIS ROBERTO,IFAI - LOTE 33/34,54105.0
442,54,SAN JAVIER,INDEFINIDA,1,2,ANGER JORGE/JUNIOR FABIAN,IFAI - LOTE 144,54105.0
441,54,SAN JAVIER,INDEFINIDA,1,2,ALVARENGA GERONIMO FRANCISCO,IFAI - LOTE 88,54105.0
440,54,SAN JAVIER,INDEFINIDA,1,2,ALVARENGA ANTONIO JESUS,IFAI - LOTE 88,54105.0
439,54,SAN JAVIER,INDEFINIDA,1,2,ACOSTA VILMAR,"IFAI - LOTE 1, LOTE 17",54105.0
469,54,SAN JAVIER,INDEFINIDA,1,2,DA CRUZ MANUEL ROSALINO/DA CRUZ JOSE RAMON / DA CRUZ JORGE ARIEL / ROSANA ISABEL / SILVIO ORLANDO,IFAI - LOTE 90 A Y B,54105.0
579,54,SAN JAVIER,INDEFINIDA,1,2,PEREIRA MARIANO LIZARDO,IFAI - LOTE 114,54105.0
294,46,CHILECITO,INDEFINIDA,1,1,"GONZALEZ, MARIO HERNAN",EX-MORENO,46042.0
205,26,CUSHAMEN,INDEFINIDA,1,1,ROSANA N. PORCU,CAMINO VIEJO,26014.0
1125,50,SAN RAFAEL,INDEFINIDO,2,3,CHIMENO RUBEN W,NC,50105.0
121,6,RAUCH,INDEFINIDA,1,4,SOYAPAMPA SA,BUENA ESPERANZA,6672.0
197,26,CUSHAMEN,INDEFINIDA,1,1,MAMINA SRL,ESTABLECIMIENTO MAMINA,26014.0
316,50,JUNIN,INDEFINIDA,1,3,AVE MARIA FIDEICOMISO,FINCA AVE MARIA AG,50035.0
468,54,OBERA,INDEFINIDA,1,2,CUATRO CAMINOS S.R.L.,CUATRO CAMINOS,54091.0
3,6,AZUL,INDEFINIDA,1,3,AGRICOLA EL HORIZONTE S.A.,EL RELINCHO,6049.0
452,54,OBERA,INDEFINIDA,1,1,"BARBARO, MARIO LUCIANO",MARIO BARBARO,54091.0
855,66,ROSARIO DE LA FRONTERA,INDEFINIDA,1,2,IMPORTADORA DEL CARMEN S.A.,FINCA SANTA MARIA,66140.0
876,70,9 DE JULIO,INDEFINIDA,1,2,CASSAB AHUN S.R.L,FINCA DON ABRAHAM,70063.0
62,6,CARMEN DE ARECO,INDEFINIDA,1,2,KUMAGRO S.A.,LA LUCIA II,6161.0
703,62,AVELLANEDA,INDEFINIDA,1,4,AGRONICA S.A.,FORTIN COPAHUE,62014.0
893,70,RAWSON,INDEFINIDA,1,2,ICEBERG AGRICOLA S.A.,GIOJA JUAN CARLOS,70077.0
481,54,SAN JAVIER,INDEFINIDA,1,2,DE OLIVERA HECTOR ELIAS /ADELA KARINA / RODRIGUEZ HILDA ,IFAI - LOTE 4,54105.0
371,50,SAN MARTIN,INDEFINIDA,1,1,GRUPO PEÑAFLOR SA ,FINCA ALTO VERDE,50098.0
673,58,AÑELO,INDEFINIDA,1,1,LA DELICIOSA S.A.,CHACRA 34 LOTES B Y D,58014.0
644,58,AÑELO,INDEFINIDA,1,1,BARTUSCH Y ZUBAK SRL,RAI MAPU,58014.0
431,50,SAN RAFAEL,INDEFINIDA,1,2,VILLA ATUEL S.A.,FINCA VILLA ATUEL,50105.0
796,62,GENERAL ROCA,INDEFINIDA,1,1,NATURAL S.R.L,LA TACUARA,62042.0
505,54,SAN JAVIER,INDEFINIDA,1,2,FERREYRA LIDIA/ ELIZARDO GABRIEL,IFAI - LOTE 176,54105.0
728,62,GENERAL ROCA,INDEFINIDA,1,3,COMPAÑIA GENERAL DE FRUTAS S.A.,SECCION PRIMERA,62042.0
363,50,SAN RAFAEL,INDEFINIDA,1,1,FINCA CONSTANZA SA,FINCA DOÑA CONSTANZA (EX FINCA EL MIRADOR),50105.0
319,50,LUJAN DE CUYO,INDEFINIDA,1,2,BAMENEX S.A.,FINCA EL CARRIZAL,50063.0
720,62,GENERAL ROCA,INDEFINIDA,1,1,CERES S.A.,ECO-CAÑADON,62042.0
571,54,SAN JAVIER,INDEFINIDA,1,2,OLIVERA RUBEN / JAKIMZUK LIDIA / OLIVERA CESAR,IFAI - LOTE 199,54105.0
633,54,SAN JAVIER,INDEFINIDA,1,2,TRACHUK LUIS ADOLFO,IFAI - LOTE 82 N,54105.0
630,54,SAN JAVIER,INDEFINIDA,1,2,TAVAREZ RAMON SERGIO / JUAN CARLOS,IFAI - LOTE 12,54105.0
618,54,SAN JAVIER,INDEFINIDA,1,2,"SOLIS JOSE MARIA / ANDREA, GRACIELA",IFAI - LOTE 21,54105.0
733,62,GENERAL ROCA,INDEFINIDA,1,1,"DALLA PRIA, ALBERTO Y EDUARDO S.H.",CHACRA 205,62042.0
727,62,GENERAL ROCA,INDEFINIDA,1,3,COMPAÑIA GENERAL DE FRUTAS S.A.,LOS PERALES,62042.0
595,54,SAN JAVIER,INDEFINIDA,1,2,RODRIGUEZ MIGUEL CEFERINO,IFAI - LOTE 82 /103,54105.0
567,54,SAN JAVIER,INDEFINIDA,1,2,OLIVERA RAMON HECTOR,IFAI - LOTE 8,54105.0
561,54,SAN JAVIER,INDEFINIDA,1,2,NUÑEZ MARCELO RAMON / GARCIA MYRYAM,IFAI - LOTE K1,54105.0
557,54,SAN JAVIER,INDEFINIDA,1,2,NEVEZ EUSEBIO,IFAI - LOTE 129,54105.0
500,54,SAN JAVIER,INDEFINIDA,1,2,ESCARVADOFSKI LUIS FABIAN,IFAI - LOTE 17/18,54105.0
480,54,SAN JAVIER,INDEFINIDA,1,2,DE OLIVERA HECTOR ELIAS /ADELA KARINA / RODRIGUEZ HILDA ,IFAI - LOTE 10,54105.0
443,54,SAN JAVIER,INDEFINIDA,1,2,ANIAYA HILARIO/ ALBERT,IFAI - LOTE 51,54105.0
479,54,SAN JAVIER,INDEFINIDA,1,2,DE OLIVERA HECTOR ANDRES/ DA SEQUEIRA SULEMA MABEL,IFAI - LOTE 4,54105.0
93,6,CARMEN DE ARECO,INDEFINIDA,1,2,PETROAGRO S.A.,DON BENEDETTO,6161.0
414,50,SAN RAFAEL,INDEFINIDA,1,2,SANCHEZ PEDRO PASCUAL,FINCA LAS PAREDES,50105.0
660,58,CONFLUENCIA,INDEFINIDA,1,1,DALLA VILLA ALBERTO RAUL,SALITRE,58035.0
635,54,SAN JAVIER,INDEFINIDA,1,2,TYMCSZYSZYN JULIO DEMETRIO,IFAI - LOTE 520,54105.0
749,62,GENERAL ROCA,INDEFINIDA,1,1,FRUTICULTORES EMPACADORES DE GENERAL ROCA S.A.C.I.A.E I.,CHACRA 215,62042.0
519,54,SAN JAVIER,INDEFINIDA,1,2,GOMEZ ROSALINO/ M. FATIMA DA SILVEIRA,IFAI - LOTE 123,54105.0
457,54,SAN JAVIER,INDEFINIDA,1,2,BUBLITZ CARLOS / LUCAS JOSE / PETRY BLACIO / PETRY JOSE RAFAEL,IFAI - LOTE C,54105.0
757,62,GENERAL ROCA,INDEFINIDA,1,2,GARCIA MARIA NELIDA,LOS CIPRESES,62042.0
951,90,MONTEROS,INDEFINIDA,1,2,BERRIES DEL ACONQUIJA SA.,FINCA LOMA LINDA,90070.0
891,70,RAWSON,INDEFINIDA,1,2,ICEBERG AGRICOLA S.A.,SANTOS ROBERTO,70077.0
1207,58,CONFLUENCIA,CENTENARIO,2,1,LA DELICIOSA S.A.,NC,58035.0
991,2,CIUDAD AUTONOMA BUENOS AIRES,INDEFINIDO,2,1,DROGUERIA HIERBAS DEL OASIS SRL ,NC,2000.0
1027,2,CIUDAD AUTONOMA BUENOS AIRES,INDEFINIDO,2,4,PUREST FIELDS SA,NC,2000.0
5,6,CARMEN DE PATAGONES,INDEFINIDA,1,4,AGRO ROSSI S.H.,DON GISLENO,6602.0
6,6,CARMEN DE PATAGONES,INDEFINIDA,1,4,AGRO ROSSI S.H.,ONELIA,6602.0
29,6,CARMEN DE PATAGONES,INDEFINIDA,1,4,DON ALEJO SA,LA TAPERA,6602.0
31,6,CARMEN DE PATAGONES,INDEFINIDA,1,4,EBERLING FELICIANO,LA AVENTURA,6602.0
35,6,DARREGUEIRA,INDEFINIDA,1,2,EL CASERIO ORGANICO S.H.,MARIA ALBINA I  Y LA AMELIA,6651.0
42,6,CARMEN DE PATAGONES,INDEFINIDA,1,3,GILARDI SEBASTIAN,DON LUIS,6602.0
44,6,CARMEN DE PATAGONES,INDEFINIDA,1,4,GONZALEZ ELVIO,VILLA BALLESTER,6602.0
45,6,CARMEN DE PATAGONES,INDEFINIDA,1,4,GONZALEZ ELVIO,LAS CIEN,6602.0
49,6,CARMEN DE PATAGONES,INDEFINIDA,1,4,ILGNER ANGEL E. Y PRESA STELLA M.,LOTE 118 Y  LA ALICIA,6602.0
50,6,VILLALONGA,INDEFINIDA,1,3,ILGNER HECTOR,LA GABRIELITA,6602.0
58,6,CARMEN DE PATAGONES,INDEFINIDA,1,1,KROHN ARNOLDO Y MARTIN LUIS ENRIQUE SH,MARY YAN,6602.0
90,6,CARMEN DE PATAGONES,INDEFINIDA,1,4,NOVICK PABLO HORACIO,EL CUADRO DEL VASCO,6602.0
91,6,CARMEN DE PATAGONES,INDEFINIDA,1,4,NOVICK PABLO HORACIO,EL VASQUITO,6602.0
138,14,VILLA MARIA,INDEFINIDA,1,1,DE ZARATE MARCOS SEBASTIAN,MARCOS DE ZARATE,14042.0
152,18,ALVEAR,INDEFINIDA,1,2,GONCALVEZ ARTURO ELIAS,ESTANCIA SANTA ANA,18056.0
161,22,PUERTO EVA PERON,INDEFINIDA,1,2,DIAZ RAFAEL JAVIER,EL CHILCAL,22014.0
182,26,CAMARONES,INDEFINIDA,1,2,FUHRMANN S.A,LAS VIOLETAS,26028.0
196,26,EL HOYO,INDEFINIDA,1,1,"LOPEZ, CLAUDIA BEATRIZ",CBL,26014.0
201,26,ESQUEL,INDEFINIDA,1,2,PATAGONIA IND. LANAR S.A.C.I.F.I. Y A.,CARIDAD,26035.0
227,30,BASAVILBASO,INDEFINIDA,1,3,GUILLERMO JAUCK Y HERMANOS SOCIEDAD DE HECHO,MONTEVERDI,30098.0
229,30,BASAVILBASO,INDEFINIDA,1,3,GUILLERMO JAUCK Y HERMANOS SOCIEDAD DE HECHO,LA BLANCA,30098.0
271,42,MIGUEL CANE,INDEFINIDA,1,3,EDCO GRAINS S.A.,SAN JUAN,42119.0
285,46,LA RIOJA,INDEFINIDA,1,1,EMPRENDIMIENTOS DEL NORTE SRL ,FINCA LA ANDALUZA,46014.0
993,6,MAR DEL PLATA,INDEFINIDO,2,2,EL MAITEN S.R.L.,NC,6357.0
1017,6,MAR DEL PLATA,LAGUNA DE LOS PADRES,2,1,PATAGONIAN FRUITS TRADE SA,NC,6357.0
1047,14,LA PALESTINA,INDEFINIDO,2,4,CAMPOMANI S.A.,NC,14042.0
1059,18,LA CRUZ,INDEFINIDO,2,2,ORGANIC LATIN AMERICA S.A.,NC,18147.0
1068,26,ESQUEL,INDEFINIDO,2,2,HIERBAS PATAGONICAS SRL,NC,26035.0
1070,26,TRELEW,INDEFINIDO,2,2,PEINADURIA RIO CHUBUT S.A.,NC,26077.0
1072,26,CHOLILA,INDEFINIDO,2,3,ROSA PATAGONICA S.A.,NC,26014.0
1075,26,TRELEW,INDEFINIDO,2,2,UNILAN TRELEW S.A.,NC,26077.0
1091,46,COLONIA ORTIZ DE OCAMPO,INDEFINIDO,2,2,CONCESIONARIA DE FINCAS EL RENUEVO S.A.,NC,46084.0
1098,46,LA RIOJA,INDEFINIDO,2,2,INDUSTRIAS QUIMICAS Y MINERAS TIMBO S.A.,NC,46014.0
1103,46,LA RIOJA,INDEFINIDO,2,1,OLIVOS ARGENTINOS SA ,NC,46014.0
1134,50,RAMA CAIDA,INDEFINIDO,2,1,EL MORO SRL ,NC,50105.0
228,30,BASAVILBASO,INDEFINIDA,1,3,GUILLERMO JAUCK Y HERMANOS SOCIEDAD DE HECHO,MEICHTRY,30098.0
263,38,PAMPA BLANCA,INDEFINIDA,1,2,GARELY S.A.,LOS PUENTES,38014.0
252,34,LAGUNA BLANCA,INDEFINIDA,1,2,UTE BV S.A.,EL CANADIENSE,34049.0
26,6,CARMEN DE PATAGONES,INDEFINIDA,1,1,"CORDOBA, MIGUEL ANGEL",EL 48,6602.0
1050,14,TICINO,INDEFINIDO,2,4,"LORENZATI, RUETSCH Y CIA - LR&C SA",NC,14042.0
1051,14,TICINO,INDEFINIDO,2,2,NUTRIN S.A.,NC,14042.0
145,14,ALEJO LEDESMA,INDEFINIDA,1,2,POSTEL SA,LAS GAVIOTAS,14063.0
1066,26,TRELEW,INDEFINIDO,2,2,FOWLER S.A.,NC,26077.0
1081,30,LOS CHARRUAS,INDEFINIDO,2,3,LA LOMA ALIMENTOS S.A.,NC,30015.0
1052,14,TICINO,INDEFINIDO,2,4,NUTRIN SA,NC,14042.0
52,6,VILLALONGA,INDEFINIDA,1,3,ILGNER RAUL ALBERTO,FRUTO DE LA FE,6602.0
111,6,ORENSE,INDEFINIDA,1,2,RODOLFO UNGARO Y CIA S.A.,ARMONIA - LAS 150 - EL MORO,6833.0
177,26,CHOLILA,INDEFINIDA,1,2,CUADRADA PRODUCTIONS S.R.L.,BAJADA DEL RADAL,26014.0
184,26,GARAYALDE,INDEFINIDA,1,2,FUHRMANN S.A,LA SUSANA,26028.0
261,38,PERICO,INDEFINIDA,1,2,FINCA EL PONGO - HPTAL. ARTURO ZABALA,FINCA EL PONGO,38014.0
1054,14,TICINO,INDEFINIDO,2,2,PRONUT S.R.L.,NC,14042.0
1060,18,ALVEAR,INDEFINIDO,2,2,RIGO MARQUES GILMAR,NC,18056.0
1095,46,AIMOGASTA,INDEFINIDO,2,2,FUERTE DEL BAÑADO S.A.,NC,46007.0
222,30,CHAJARI,INDEFINIDA,1,3,FUCHINECO LUIS ALBERTO,ALMA MIA,30028.0
1083,30,LOS CHARRUAS,INDEFINIDO,2,3,NEOFARMS S.R.L.,NC,30015.0
204,26,LAGO PUELO,INDEFINIDA,1,3,ROSA PATAGONICA S.A.,ROSA PATAGONICA,26014.0
266,38,LA ESPERANZA,INDEFINIDA,1,2,INGENIO LA ESPERANZA S.A.,INGENIO LA ESPERANZA,38063.0
57,6,CARMEN DE PATAGONES,INDEFINIDA,1,1,KROHN ARNOLDO Y MARTIN LUIS ENRIQUE SH,EL SATELITE,6602.0
114,6,CARMEN DE PATAGONES,INDEFINIDA,1,1,"ROSSI, PILADE QUINTO",LA ALCANCIA,6602.0
155,18,LA CRUZ,INDEFINIDA,1,2,KITASAN S.A.,KITASAN,18147.0
200,26,LAGO PUELO,INDEFINIDA,1,2,PARALELO 42  S.A.,VALLE DEL MEDIO,26014.0
226,30,BASAVILBASO,INDEFINIDA,1,3,GUILLERMO JAUCK Y HERMANOS SOCIEDAD DE HECHO,LA CAROLINA,30098.0
1011,6,BORDENAVE,INDEFINIDO,2,2,MIELSO SRL,NC,6651.0
1062,22,MARGARITA BELEN,INDEFINIDO,2,2,CODUTTI DANIEL HUGO,NC,22126.0
1065,26,EL HOYO,INDEFINIDO,2,1,CUYEN SRL ,NC,26014.0
1096,46,VILLA UNION,INDEFINIDO,2,1,"GARROT, CARLOS PEDRO",NC,46028.0
98,6,TRES SARGENTOS,INDEFINIDA,1,2,PETROAGRO S.A.,SIVORI,6161.0
385,50,MENDOZA,INDEFINIDA,1,1,LLIHUE S.A.,FINCA CAYANTA,50007.0
512,54,SANTO PIPO,INDEFINIDA,1,2,FUNDACION ALBERTO ROTH,FUNDACION ALBERTO ROTH,54098.0
687,58,SAN PATRICIO DEL CHAÑAR,INDEFINIDA,1,3,SAHORES S.A.,SAHORES S.A.,58014.0
688,58,CENTENARIO,INDEFINIDA,1,1,"SANCHEZ, DARIO OMAR",LOTE 230 A,58035.0
698,62,EL BOLSON,INDEFINIDA,1,2,ADRION PAUL,CHACRA HUMUS,62021.0
762,62,CINCO SALTOS,INDEFINIDA,1,2,INTERRUPCION S.A.,SECCION SEGUNDA,62042.0
772,62,VALLE AZUL,INDEFINIDA,1,3,LABARRIERE JEAN LOUIS,EL GALPON Y EL DESAGÜE,62035.0
780,62,CINCO SALTOS,INDEFINIDA,1,3,LOZANO S.R.L.,DON ADOLFO,62042.0
788,62,CIPOLLETTI,INDEFINIDA,1,1,"MARTIN, OSCAR ALFREDO",GRANDE,62042.0
801,62,VALLE AZUL,INDEFINIDA,1,3,PAKSERVI S.R.L.,MORYMAR,62035.0
807,62,VIEDMA,INDEFINIDA,1,3,QUANTUM S.R.L.,CHACRA A-365,62007.0
819,62,CINCO SALTOS,INDEFINIDA,1,2,SANCHEZ JOSE LUIS ,LOS PICANTES,62042.0
820,62,CIPOLLETTI,INDEFINIDA,1,1,SANCHEZ PEDRO Y OMAR SH ,SANCHEZ PEDRO Y OMAR SH,62042.0
824,62,VALLE AZUL,INDEFINIDA,1,3,SARALEGUY SANDRO SERGIO,COSTA SUR ,62035.0
825,62,VALLE AZUL,INDEFINIDA,1,3,SARALEGUY SANDRO SERGIO,SARA,62035.0
827,62,MAINQUE,INDEFINIDA,1,3,SKUBIC MIGUEL GREGORIO ,AUSTRALIS VINAGRAD,62042.0
844,66,PICHANAL,INDEFINIDA,1,2,"COOPERATIVA DE PROVISION DE SERVICIOS PARA PRODUCTORES RURALES ""LA ESCONDIDA LTDA"".",FINCA LA ESCONDIDA,66126.0
848,66,CAMPO SANTO,INDEFINIDA,1,2,EMAISA S.A.,FINCA SAN CARLOS,66049.0
865,66,GENERAL MOSCONI,INDEFINIDA,1,1,TERMINAL DE CARGAS AEREAS SA,LA HERCILIA,66056.0
868,66,SAN JOSE DE ORQUERA,INDEFINIDA,1,2,TREVISAN AGROPECUARIA SRL,SAN JOSE DE ORQUERA,66112.0
905,74,SAN FRANCISCO DEL MONTE DE ORO,INDEFINIDA,1,3,HEGUILOR GUILLERMO JULIO ,AGUACLARA,74007.0
917,78,LAS HERAS,INDEFINIDA,1,2,FUHRMANN S.A,SARAI,78014.0
933,82,FUNES,INDEFINIDA,1,3,LOPEZ GRACIELA M. ,DULCES DEL JARDIN,82084.0
937,82,AVELLANEDA,INDEFINIDA,1,3,RODRIGO JAVIER SANDRIGO,ISLA MANOLO,82049.0
939,82,MONTE VERA,INDEFINIDA,1,3,V. Y V. S.A.,LAS BRISAS,82063.0
1018,6,TRES SARGENTOS,INDEFINIDO,2,2,PETROAGRO S.A.,NC,6161.0
1116,50,CRUZ DE PIEDRA,INDEFINIDO,2,1,BODEGA ARGENTO S.A.,NC,50070.0
1197,58,SAN PATRICIO DEL CHAÑAR,INDEFINIDO,2,3,COMPAÑIA GENERAL DE FRUTAS S.A.,NC,58014.0
1198,58,PLOTTIER,INDEFINIDO,2,1,COOPERATIVA FRUTICOLA DE NEUQUEN LTDA.,NC,58035.0
1199,58,PLOTTIER,INDEFINIDO,2,1,COOPERATIVA FRUTICOLA DE NEUQUEN LTDA.,NC,58035.0
1203,58,CENTENARIO,INDEFINIDO,2,1,JUGOS DEL SUR S.A.,NC,58035.0
1205,58,SAN PATRICIO DEL CHAÑAR,INDEFINIDO,2,1,LA DELICIOSA S.A.,NC,58014.0
1206,58,CENTENARIO,INDEFINIDO,2,1,LA DELICIOSA S.A.,NC,58035.0
1212,62,LAMARQUE,INDEFINIDO,2,3,EXPOFRUT ARGENTINA S.A.,NC,62014.0
1233,62,VIEDMA,INDEFINIDO,2,3,QUANTUM S.R.L.,NC,62007.0
1241,66,CAMPO SANTO,INDEFINIDO,2,2,PROSAL S.A.,NC,66049.0
1261,82,FIGHIERA,INDEFINIDO,2,3,FINCA DEL PARANA DE PIERINO CAMPETELLI,NC,82084.0
1277,90,SAN MIGUEL DE TUCUMAN,INDEFINIDO,2,2,IMPORTADORA DEL CARMEN S.A.,NC,90084.0
394,50,UGARTECHE,INDEFINIDA,1,3,NADAL JUAN GUSTAVO,LA AMPARO,50063.0
655,58,CENTENARIO,INDEFINIDA,1,1,"CARDENAS, JUANA ROSA",LOTE 94-1,58035.0
952,90,CONCEPCION,INDEFINIDA,1,2,CITROMAX SACI,LAS LANZAS,90021.0
963,90,SOLDADO MALDONADO,INDEFINIDA,1,3,LOS ALTOS S.A.,ROSA,90070.0
1220,62,CHIMPAY,INDEFINIDO,2,1,LA CONQUISTA SRL,NC,62014.0
1266,82,SANTA FE,INDEFINIDO,2,3,V Y V ALIMENTOS S.A.,NC,82063.0
1273,90,ACHERAL,INDEFINIDO,2,2,CITROMAX SACI,NC,90070.0
405,50,LA CONSULTA,INDEFINIDA,1,3,PROVIVA S.R.L.,ALTAMIRA I,50091.0
945,86,TERMAS DE RIO HONDO,INDEFINIDA,1,4,MUNICIPALIDAD DE LAS TERMAS DE RIO HONDO,UNIDAD DEMOSTRATIVA DE HORTALIZAS ORGANICAS DE LAS TERMAS DE RIO HONDO,86147.0
642,54,COMANDANTE ANDRESITO,INDEFINIDA,1,2,WAIDELICH OTTO,LOS CEDRITOS,54049.0
837,66,PAYOGASTA,INDEFINIDA,1,3,ALTURA MAXIMA S.A.,RIO BLANCO,66014.0
1117,50,VISTA FLORES,INDEFINIDO,2,3,BODEGA PIEDRA NEGRA S.A.,NC,50119.0
1148,50,LOS BARRIALES,INDEFINIDO,2,3,LAIANA S.R.L.,NC,50035.0
912,78,RIO GALLEGOS,INDEFINIDA,1,2,DICIEMBRE S.R.L.,LA CARLOTA,78021.0
1183,54,RUIZ DE MONTOYA,INDEFINIDO,2,1,COOPERATIVA AGRICOLA MIXTA DE MONTE CARLO LIMITADA,NC,54077.0
1219,62,VILLA REGINA,INDEFINIDO,2,1,JUGOS SA,NC,62042.0
1283,90,ACHERAL,INDEFINIDO,2,2,NURISTAN S.A.,NC,90070.0
1260,82,CORONDA,INDEFINIDO,2,1,ELABORADORES DE FRUTA S.A.,NC,82105.0
406,50,LA CONSULTA,INDEFINIDA,1,3,PROVIVA S.R.L.,ALTAMIRA II,50091.0
759,62,EL BOLSON,INDEFINIDA,1,2,GONZALEZ L. Y RIADIGOS E. S.H.,CHACRA ARROYO CLARO,62021.0
779,62,ALLEN,INDEFINIDA,1,3,LOZANO S.R.L.,DON DANIEL,62042.0
787,62,CIPOLLETTI,INDEFINIDA,1,1,"MARTIN, OSCAR ALFREDO",EL SAUCE,62042.0
817,62,CINCO SALTOS,INDEFINIDA,1,3,SAN JOSE S.A.,DOÑA FELICITA,62042.0
1182,54,RUIZ DE MONTOYA,INDEFINIDO,2,1,COOP. AGRICOLA RUIZ DE MONTOYA LTDA.,NC,54077.0
1221,62,ALLEN,INDEFINIDO,2,2,LAMPERTI HNOS S.R.L.,NC,62042.0
1232,62,VIEDMA,INDEFINIDO,2,3,QUANTUM S.R.L.,NC,62007.0
921,78,PUERTO DESEADO,INDEFINIDA,1,2,RIBAYA EDUARDO SANTIAGO,LA BUENOS AIRES - SEC. LOS ALAMOS Y DOS HNOS.,78014.0
1168,50,VILLA ATUEL,INDEFINIDO,2,1,R6 LA GUEVARINA S.A.,NC,50105.0
909,78,PUERTO DESEADO,INDEFINIDA,1,2,CIMADEVILLA ALEJANDRO,EL MOSCOSO,78014.0
1150,50,UGARTECHE,INDEFINIDO,2,1,LLIHUE S.A.,NC,50063.0
1270,90,ACHERAL,INDEFINIDO,2,3,CITROMAX S.A.C.I,NC,90070.0
1211,62,VALLE AZUL,INDEFINIDO,2,3,BIOFERT S.R.L.,NC,62035.0
1115,50,UGARTECHE,INDEFINIDO,2,3,BLANCO JOSE,NC,50063.0
1189,54,SANTO PIPO,INDEFINIDO,2,2,KOTH ITATI MARIA EVANGELINA,NC,54098.0
861,66,URUNDEL,INDEFINIDA,1,2,RODRIGUEZ NOCETTI S.R.L.,URUNDEL,66126.0
1118,50,VISTA FLORES,INDEFINIDO,2,3,BODEGAS ESMERALDA S.A.,NC,50119.0
410,50,VISTA FLORES,INDEFINIDA,1,3,PUERTO ANCONA S.A.,VISTA FLORES,50119.0
616,54,POSADAS,INDEFINIDA,1,3,SKUREK FERNANDO ARIEL,DORJE,54028.0
1267,82,MONTE VERA,INDEFINIDO,2,3,V. Y V. S.A.,NC,82063.0
329,50,EL MIRADOR,INDEFINIDA,1,3,BODEGAS Y VIÑEDOS BENEDETTI SRL,FINCA LAS YEGUITAS,50084.0
738,62,CIPOLLETTI,INDEFINIDA,1,1,ESTABLECIMIENTO SANTA MARIA S.R.L.,ESTABLECIMIENTO SANTA MARIA SRL,62042.0
548,54,RUIZ DE MONTOYA,INDEFINIDA,1,3,MARIANA MAMPAEY,EL HORMIGUERO,54077.0
1202,58,PLOTTIER,INDEFINIDO,2,1,"GREGORIO, NUMO Y NOEL WERTHEIN SA ",NC,58035.0
51,6,JUAN A. PRADERE,INDEFINIDA,1,3,ILGNER OSCAR FELIPE,SAN AGUSTIN,6602.0
290,46,AIMOGASTA,INDEFINIDA,1,2,FUERTE DEL BAÑADO S.A.,FUERTE DEL BAÑADO,46007.0
1204,58,PLOTTIER,INDEFINIDO,2,1,JUGOS DEL SUR S.A.,NC,58035.0
1235,62,VALLE AZUL,INDEFINIDO,2,3,SARALEGUY SANDRO SERGIO,NC,62035.0
576,54,LIBERTADOR GENERAL SAN MARTIN,INDEFINIDA,1,1,"PAULUK, TEODORO",PAULUK TEODORO,54077.0
1025,6,TRES ARROYOS,INDEFINIDO,2,1,PROVIDENCE SA,NC,6833.0
1141,50,LUJAN DE CUYO,INDEFINIDO,2,1,FINCA VON WIGSTEIN S.A.,NC,50063.0
128,10,POMAN,INDEFINIDA,1,1,FRUTOS DEL NORTE SA,FRUTOS DEL NORTE S.A.,10084.0
1146,50,SAN MARTIN,INDEFINIDO,2,1,JUGOS AUSTRALES S.A.,NC,50098.0
1170,50,TUNUYAN,LA PRIMAVERA,2,1,S.A. BODEGA ENRIQUE VOLLMER - UCO VALLEY,NC,50119.0
874,70,CALINGASTA,BARREAL,1,2,BIO AGRICULTORES S.A.,ESTANCIA EL LEONCITO,70021.0
859,66,CHICOANA,EL CARRIL,1,2,PALMIRA S.A.,FINCA CALVIMONTE,66042.0
699,62,PICHI MAHUIDA,INDEFINIDA,1,1,AGRICO.AR S.A.,AGRICO.AR S.A.,62063.0
946,86,CAPITAL,INDEFINIDA,1,4,PEREZ WALTER E. Y COOPSOL LTDA.,APIARIO AN,86049.0
872,70,25 DE MAYO,INDEFINIDA,1,1,ALVIPA SRL,DOÑA MARIA,70126.0
358,50,SAN CARLOS,INDEFINIDA,1,3,ESTABLECIMIENTOS VITIVINICOLAS ESCORIHUELA S.A.,ALTAMIRA,50091.0
312,50,SAN CARLOS,INDEFINIDA,1,2,ARGENTBIO S.R.L.,FINCA EL OLMO,50091.0
350,50,SAN RAFAEL,INDEFINIDA,1,2,DJALLAD ANA REBECA,LA AMISTAD,50105.0
368,50,SANTA ROSA,INDEFINIDA,1,3,FRUTOS DE SANTA ROSA S.A.,SANTA ROSA,50112.0
596,54,SAN JAVIER,INDEFINIDA,1,2,RODRIGUEZ OSCAR/ RODRIGUEZ RENALSINO,IFAI - LOTE 154,54105.0
346,50,MAIPU,INDEFINIDA,1,1,CK Y ASOCIADOS S.A.,VILLA SECA,50070.0
682,58,CONFLUENCIA,INDEFINIDA,1,1,"MARTIN, OSCAR ALFREDO",EL LUPULAR ORGANICS FARM,58035.0
429,50,SAN RAFAEL,INDEFINIDA,1,1,VALENTIN BIANCHI SACIF ,FINCA DOÑA ELSA,50105.0
641,54,SAN JAVIER,INDEFINIDA,1,2,WAGNER NORBERTO,IFAI - LOTE 49-50,54105.0
792,62,GENERAL ROCA,INDEFINIDA,1,1,"MROZEK, MARIANA PERLA",CHACRA ISLA 48,62042.0
725,62,GENERAL ROCA,INDEFINIDA,1,3,COMPAÑIA GENERAL DE FRUTAS S.A.,HILDA,62042.0
395,50,LUJAN DE CUYO,INDEFINIDA,1,1,OJO DE VINO SA,OJO DE VINO SA,50063.0
718,62,GENERAL ROCA,INDEFINIDA,1,1,BRASPATAGONIA S.R.L.,BRASPATAGONIA,62042.0
631,54,SAN JAVIER,INDEFINIDA,1,2,TRACHUK JOSE JAVIER / TRACHUK JOSE LUIS / TRACHUK EMILIO TEOFILO,IFAI - LOTE 72,54105.0
806,62,GENERAL ROCA,INDEFINIDA,1,1,PEREZ MAGDALENA Y DANIEL,CHACRA 170,62042.0
516,54,SAN JAVIER,INDEFINIDA,1,2,GOMEZ ABEL,IFAI - LOTE 153,54105.0
760,62,GENERAL ROCA,INDEFINIDA,1,1,"GREGORI, ROMULO LUIS",CHACRA Nº 197,62042.0
643,54,SAN JAVIER,INDEFINIDA,1,2,ZANAZZO OMAR / ZANAZZO JUAN CARLOS,IFAI - LOTE 25,54105.0
736,62,GENERAL ROCA,INDEFINIDA,1,1,ELOSEGUI HNOS. S.A.,LA INES,62042.0
614,54,SAN JAVIER,INDEFINIDA,1,2,SILVEYRA EDUARDO / SEPE FATIMA ISABEL,IFAI - LOTE 87 B,54105.0
709,62,GENERAL ROCA,INDEFINIDA,1,1,"BARZI, GUILLERMO AMADEO",CHACRA 186,62042.0
707,62,GENERAL ROCA,INDEFINIDA,1,1,"BANCO, HUGO","BANCO, HUGO",62042.0
307,46,CHILECITO,INDEFINIDA,1,1,"TROYANO, RUFINO",PARCELA Nº8,46042.0
553,54,SAN JAVIER,INDEFINIDA,1,2,MIRANDA CARLOS LEON/MIRANDA HECTOR,IFAI - LOTE 133,54105.0
509,54,SAN JAVIER,INDEFINIDA,1,2,FERREYRA PEDRO,IFAI - LOTE 13,54105.0
506,54,SAN JAVIER,INDEFINIDA,1,2,FERREYRA LIDIO RAMON/ ELIZARDO GABRIEL / MIRANDA ROSANA BEATRIZ / RIVERO MARIA A. YANINA,IFAI - LOTE 174,54105.0
768,62,GENERAL ROCA,INDEFINIDA,1,1,JOSE BARRESI S.A.,CHACRA 198 LOTE 5,62042.0
770,62,EL CUY,INDEFINIDA,1,2,LA ANGOSTURA S.R.L.,LA ANGOSTURA,62035.0
975,2,CIUDAD AUTONOMA BUENOS AIRES,INDEFINIDA,2,2,NUTRIBABY S.A.,NC,2000.0
974,2,CIUDAD AUTONOMA BUENOS AIRES,INDEFINIDA,2,2,MIEL CETA S.R.L.,NC,2000.0
149,14,VILLA BERNA,INDEFINIDA,1,3,WELEDA S.A.,WELEDA,14007.0
992,6,MAR DEL PLATA,INDEFINIDO,2,2,EL MAITEN S.R.L.,NC,6357.0
1087,38,LA ESPERANZA,INDEFINIDO,2,2,INGENIO LA ESPERANZA S.A.,NC,38063.0
179,26,EL HOYO,INDEFINIDA,1,1,CUYEN SRL ,CHACRA MICUCCI,26014.0
148,14,SEBASTIAN ELCANO,INDEFINIDA,1,2,SARDI JOSE LUIS,COLMENARES ELCANO,14112.0
753,62,CHICHINALES,INDEFINIDA,1,3,GALERA EMETERIO,LOTE 4D,62042.0
816,62,CLEMENTE ONELLI,INDEFINIDA,1,2,SAINT ANTONIN - NAZAR S.H.,ANECON GRANDE,62091.0
854,66,PICHANAL,INDEFINIDA,1,2,IMPORTADORA DEL CARMEN S.A.,EL TRAMPEADERO,66126.0
1186,54,CAMPO VIERA,INDEFINIDO,2,2,CUATRO CAMINOS S.R.L.,NC,54091.0
1225,62,VILLA REGINA,INDEFINIDO,2,1,PATAGONIAN FRUITS TRADE SA,NC,62042.0
528,54,LOS HELECHOS,INDEFINIDA,1,2,HEINZMANN ENRIQUE CRISTIAN,ENRIQUE CRISTIAN HEINZMANN,54091.0
764,62,CINCO SALTOS,INDEFINIDA,1,4,JAVIER LEGASPI,EL CAPRICHO,62042.0
143,14,LA PAZ,INDEFINIDA,1,3,MARIA ELVIRA SAGASTI,ARCA DEL SOL,14133.0
814,62,VILLA MANZANO,INDEFINIDA,1,3,ROSAUER JUAN ERICH,ZOILO S.A.,62042.0
843,66,PICHANAL,INDEFINIDA,1,2,"COOPERATIVA DE PROVISION DE SERVICIOS PARA PRODUCTORES RURALES ""LA ESCONDIDA LTDA"".",FINCA CARRATALA,66126.0
1201,58,CENTENARIO,INDEFINIDO,2,1,FRUTICULTORES UNIDOS CENTENARIO SRL,NC,58035.0
1222,62,CINCO SALTOS,INDEFINIDO,2,3,LOZANO S.R.L.,NC,62042.0
747,62,VILLA REGINA,INDEFINIDA,1,3,FRESCURAS ORGANICAS PATAGONICAS S.A.,CHACRA MARCELO,62042.0
32,6,CARMEN DE PATAGONES,INDEFINIDA,1,4,EBERLING FELICIANO,LA QUEBRADA,6602.0
1057,14,SEBASTIAN ELCANO,INDEFINIDO,2,2,SARDI JOSE LUIS,NC,14112.0
299,46,CHILECITO,INDEFINIDA,1,1,MAELCA S.A.,LOS RANQUELES,46042.0
558,54,SAN JAVIER,INDEFINIDA,1,2,NOREMBERG ROSSEMARIE HAIDEE,IFAI - LOTE 8 Y 9,54105.0
515,54,SAN JAVIER,INDEFINIDA,1,2,GALVAN MARIELA ANDREA,IFAI - LOTE 19,54105.0
474,54,SAN JAVIER,INDEFINIDA,1,2,DE LA CRUZ FRANCISCO ASIS,IFAI - LOTE 23,54105.0
494,54,SAN JAVIER,INDEFINIDA,1,2,ENGER LIZARDO LUIS,IFAI - LOTE 176,54105.0
273,42,UTRACAN,INDEFINIDA,1,2,LOS AMIGOS S.H.,DON SERAFIN - EL CARMEL,42154.0
887,70,ALBARDON,INDEFINIDA,1,2,GOMEZ PEDRO VICENTE,GRANJA TIA NORA,70007.0
694,58,AÑELO,INDEFINIDA,1,1,TECNITERRA SACIA,CHACRA 19,58014.0
674,58,AÑELO,INDEFINIDA,1,1,LA DELICIOSA S.A.,EL ALPATACO,58014.0
1252,70,RAWSON,INDEFINIDO,2,2,ICEBERG AGRICOLA S.A.,NC,70077.0
685,58,CONFLUENCIA,INDEFINIDA,1,1,R.O.S.T. FRUIT S.A.,CHACRA 2,58035.0
1106,50,MAIPU,INDEFINIDO,2,1,ANDILLIAN SA,NC,50070.0
391,50,MAIPU,INDEFINIDA,1,3,MONTLAIZ S.R.L.,LA FLOR,50070.0
826,62,GENERAL ROCA,INDEFINIDA,1,1,SCHOLZ MARIA CECILIA SCHOLZ BETTINA SH,VALLE 2,62042.0
658,58,CONFLUENCIA,INDEFINIDA,1,1,DALLA VILLA ALBERTO RAUL,LA NUEVA,58035.0
569,54,SAN JAVIER,INDEFINIDA,1,2,OLIVERA ROSA/PALCHICOVSKI SERGIO RAMON,IFAI - LOTE 5,54105.0
652,58,CONFLUENCIA,INDEFINIDA,1,1,"BARTUSCH, RODOLFO",VIVERO (LOTE 122),58035.0
574,54,SAN JAVIER,INDEFINIDA,1,2,PAEZ DONATO / DE LIMA ELIO,IFAI - LOTE 4 Y 5,54105.0
741,62,GENERAL ROCA,INDEFINIDA,1,1,ESTABLECIMIENTO SOLEDAD SA,CHACRA Nº 388,62042.0
577,54,SAN JAVIER,INDEFINIDA,1,2,PEDROZO ROBERTO,IFAI - LOTE 132,54105.0
860,66,CAFAYATE,INDEFINIDA,1,1,PEÑAVID SA,EL TRANSITO,66021.0
113,6,CARMEN DE PATAGONES,INDEFINIDA,1,1,"ROSSI, PILADE QUINTO",EL CHAPARRAL,6602.0
1004,6,MAYOR BURATOVICH,INDEFINIDO,2,3,JOSE MANUEL RABANEDO,NC,6875.0
1063,22,EL SAUZALITO,INDEFINIDO,2,2,RIMONDINO ENRIQUE,NC,22063.0
1069,26,TRELEW,INDEFINIDO,2,2,LEMPRIERE S.A.,NC,26077.0
328,50,LA CONSULTA,INDEFINIDA,1,1,BODEGA ARGENTO S.A.,FINCA ALTAMIRA,50091.0
1263,82,FUNES,INDEFINIDO,2,3,LOPEZ GRACIELA M.,NC,82084.0
1272,90,SANTA LUCIA,INDEFINIDO,2,2,CITROMAX SACI,NC,90070.0
918,78,KOLUEL KAIKE,INDEFINIDA,1,2,GORDON MARY ANN MARGARET,GORDON,78014.0
746,62,VILLA REGINA,INDEFINIDA,1,3,FRESCURAS ORGANICAS PATAGONICAS S.A.,CHACRA MITRE,62042.0
1213,62,SAN CARLOS DE BARILOCHE,INDEFINIDO,2,3,FLORES NORPATAGONICAS S.R.L.,NC,62021.0
617,54,SAN JAVIER,INDEFINIDA,1,2,SMOLA HIPOLITO ABEL / JAKIMERSUK YOLANDA TERESA,IFAI - LOTE 119,54105.0
1190,54,OBERA,INDEFINIDO,2,2,KOTH ITATI MARIA EVANGELINA,NC,54091.0
236,30,CONCORDIA,INDEFINIDA,1,3,LA LOMA ALIMENTOS S.A.,EL TALITA,30015.0
463,54,SAN JAVIER,INDEFINIDA,1,2,CARRE ANIBAL DANIEL/MACHADO MIRIAM GRACIELA,IFAI - LOTE 16,54105.0
525,54,SAN JAVIER,INDEFINIDA,1,2,GRZVINSKI CLAUDIO / HECTOR JOSE,IFAI - LOTE 35,54105.0
256,38,YUTO,INDEFINIDA,1,2,BLANCO HUGO ROBERTO,EL VASCO,38035.0
1176,50,VILLA ATUEL,INDEFINIDO,2,2,VILLA ATUEL S.A.,NC,50105.0
37,6,COLON,INDEFINIDA,1,2,EL REFUGIO DE CARLOS S.A.,LOS TAMARISCOS (ANIMAL),6175.0
300,46,CHILECITO,INDEFINIDA,1,1,MAELCA SA,LOS CERRILLOS,46042.0
568,54,SAN JAVIER,INDEFINIDA,1,2,OLIVERA RAMON HECTOR / JAKIMZUK OLGA CLAUDIA,IFAI - LOTE 196,54105.0
562,54,SAN JAVIER,INDEFINIDA,1,2,NUÑEZ MARCELO RAMON /GARCIA MYRIAN,IFAI - LOTE 36,54105.0
386,50,MENDOZA,INDEFINIDA,1,1,LLIHUE S.A.,FINCA LA MAROLINA,50007.0
487,54,SAN JAVIER,INDEFINIDA,1,2,DO SANTOS UBALDO / LUCIA / LUCAS UBALDO DO SANTOS / DO SANTOS JONATHAN,IFAI - LOTE 139,54105.0
1185,54,SAN IGNACIO,INDEFINIDO,2,3,COOPERATIVA AGROPECUARIA BIODINAMICA LA ABUNDANCIA LTDA.,NC,54098.0
248,30,FEDERAL,INDEFINIDA,1,3,TIANA S.A.,TIANA S.A.,30035.0
1161,50,TUPUNGATO,INDEFINIDO,2,2,PALUMBO GOTTARDINI CARLOS ROBERTO,NC,50126.0
87,6,RAUCH,INDEFINIDA,1,4,MISKA SA,LOIZA,6672.0
16,6,25 DE MAYO,INDEFINIDA,1,2,BARRETO JORGE JAVIER,LOS ARANDANALES,6854.0
988,6,LUJAN,INDEFINIDO,2,4,DANIEL ORLANDO BAZAN RICHIBUT,NC,6497.0
178,26,CUSHAMEN,INDEFINIDA,1,1,CUYEN SRL,CUYEN,26014.0
163,22,GENERAL GÜEMES,INDEFINIDA,1,4,FABIO J PAVON,COLMENARES DON DALMACIO,22063.0
1282,90,LULES,INDEFINIDO,2,2,MULTIFRUT S.R.L.,NC,90063.0
396,50,MALARGÜE,INDEFINIDA,1,3,OLATE JUAN CARLOS,"MARQUEZ 1 Y 2, MOLLAR 1 Y 2 (GRUPO AP. MALARGÜE)",50077.0
873,70,CAUCETE,INDEFINIDA,1,1,ALVIPA SRL,LOS ALBERTOS,70035.0
1020,6,CARMEN DE ARECO,INDEFINIDO,2,2,PETROAGRO S.A.,NC,6161.0
653,58,AÑELO,INDEFINIDA,1,3,BUWACO S.R.L.,LA NONA,58014.0
705,62,GENERAL ROCA,INDEFINIDA,1,1,ANTIGUA SA (EX GARRIDO ROBERTO),CHACRA 216,62042.0
895,70,RAWSON,INDEFINIDA,1,2,ICEBERG AGRICOLA S.A.,BLANES SILVANA ELIZABETH,70077.0
896,70,CAUCETE,INDEFINIDA,1,1,"LEIVA FERRER, ANTONIO ESTEBAN",LA PUNTILLA,70035.0
775,62,GENERAL ROCA,INDEFINIDA,1,1,LAINO HERMANOS S.A.,CHACRA 169,62042.0
351,50,MAIPU,INDEFINIDA,1,1,DOMAINE JEAN BOUSQUET  S.A.,FINCA MAIPU DELICIAS DE TUPUNGATO SA,50070.0
342,50,MAIPU,INDEFINIDA,1,1,CAÑA DE CASTILLA SRL,FINCA IRIGOYEN FINAL ,50070.0
409,50,SAN RAFAEL,INDEFINIDA,1,2,PUENTE BLANCO S.A.,ESTANCIA LOS AMIGOS,50105.0
667,58,CONFLUENCIA,INDEFINIDA,1,1,GARCIA MARIO ALBERTO,GARCIA MARIO,58035.0
436,50,LUJAN DE CUYO,INDEFINIDA,1,1,VIÑAS DE CUYO S.A.,FINCA AGRELO,50063.0
544,54,SAN JAVIER,INDEFINIDA,1,2,MACHADO MENDRANA PRADELINO / MACHADO PAULO,IFAI - LOTE 62,54105.0
756,62,GENERAL ROCA,INDEFINIDA,1,2,GARCIA MARIA NELIDA,EL PUENTE,62042.0
731,62,GENERAL ROCA,INDEFINIDA,1,3,COSTANZI CARLOS SILVIO,EL NONO,62042.0
483,54,SAN JAVIER,INDEFINIDA,1,2,DE OLIVERA VICTOR PLACIDO / ACOSTA CLAUDETTE,IFAI - LOTE 11,54105.0
831,62,GENERAL ROCA,INDEFINIDA,1,1,VILLARRAZA HORACIO,CHACRA N° 270,62042.0
545,54,SAN JAVIER,INDEFINIDA,1,2,MACHADO MIGUEL ANGEL/FERNANDO MIGUEL,IFAI - LOTE 61,54105.0
795,62,GENERAL ROCA,INDEFINIDA,1,1,NATURAL S.R.L,CROACIA,62042.0
531,54,SAN JAVIER,INDEFINIDA,1,2,KALISPRENER JORGE RUBEN / SAWISKI MIRTHA GRACIA / KALISPRENER JORGE ANDRES,IFAI - LOTE 30,54105.0
769,62,GENERAL ROCA,INDEFINIDA,1,1,JOSE BARRESI S.A.,CHACRA 170,62042.0
564,54,SAN JAVIER,INDEFINIDA,1,2,OLIVEIRA JORGE / NERI / VIDALVINA PEREYRA ( EX OLIVEIRA VALDIR / JORGE OLIVEIRA / ALFREDO NERI / ALEJANDRO OLIVEIRA),IFAI - LOTE 89,54105.0
640,54,SAN JAVIER,INDEFINIDA,1,2,VELAZQUE FERNANDEZ JOSE JULCI/PRETTO ADAN,IFAI - LOTE 14,54105.0
734,62,GENERAL ROCA,INDEFINIDA,1,1,"DALLA PRIA, ALBERTO Y EDUARDO S.H.",CHACRA 216 B,62042.0
611,54,SAN JAVIER,INDEFINIDA,1,2,SENIO CRISTIAN/LORENZO YOLANDA,IFAI - LOTE 231,54105.0
593,54,SAN JAVIER,INDEFINIDA,1,2,RODRIGUEZ JUAN CARLOS / PORTO FRANCISCO,IFAI - LOTE 17 OESTE,54105.0
297,46,CHILECITO,INDEFINIDA,1,1,"IRIARTE, DANIEL",FINCA LAS ROSAS (IRIARTE),46042.0
283,46,CHILECITO,INDEFINIDA,1,1,COVARRUBIAS SA,COVARRUBIAS,46042.0
281,46,CHILECITO,INDEFINIDA,1,1,COOPERATIVA VITIVINIFRUTICOLA  LA RIOJANA LTDA.,FINCA CIUDADELA II (EXFEDERADA RIOJANA SA),46042.0
276,46,CHILECITO,INDEFINIDA,1,1,"CAPECE, LORENZO OSVALDO",LA ALBORADA,46042.0
580,54,SAN JAVIER,INDEFINIDA,1,2,PEREIRA RICARDO,IFAI - LOTE 30,54105.0
529,54,SAN JAVIER,INDEFINIDA,1,2,JAKIMZUK  PEDRO MARCOS,IFAI - LOTE 195,54105.0
527,54,SAN JAVIER,INDEFINIDA,1,2,HARTMANN SIBANO / HARTMANN MAURO,IFAI - LOTE 121-123,54105.0
508,54,SAN JAVIER,INDEFINIDA,1,2,FERREYRA LORENZO / FERREYRA ABEL MEDELI,IFAI - LOTE 27,54105.0
496,54,SAN JAVIER,INDEFINIDA,1,2,ENGERS LUCINDO / ENGERS CLOVIS MARCOS,IFAI - LOTE 22,54105.0
454,54,SAN JAVIER,INDEFINIDA,1,2,BECKER CARLOS LUIS,IFAI - LOTE 24,54105.0
447,54,SAN JAVIER,INDEFINIDA,1,2,ANTUNEZ FLORES ANTONIO CARLOS/ QUENSSELL MARCOS/DE MATOS GRISELDA,IFAI - LOTE 26,54105.0
997,6,TANDIL,INDEFINIDO,2,2,GARRIDO STELLA MARIS,NC,6791.0
355,50,SAN RAFAEL,INDEFINIDA,1,1,EL MORO SRL,FINCA DINAMIA,50105.0
869,66,SAN CARLOS,INDEFINIDA,1,3,VIÑEDOS PUCARA S.R.L.,EL RECUERDO,66154.0
1247,70,POCITO,INDEFINIDO,2,1,FABRIL ALTO VERDE S.A.,NC,70070.0
944,86,CAPITAL,INDEFINIDA,1,4,JULIO ANSELMO TORRES Y COOPSOL LTDA,APIARIO CK,86049.0
936,82,SAN JAVIER,INDEFINIDA,1,3,PEREZ RAUL ARIEL,"LA RINCONADA, LOS CISNEROS, LA UNION",82098.0
362,50,GUAYMALLEN,INDEFINIDA,1,2,FIDEICOMISO SANTA RITA ,FINCA SANTA RITA,50028.0
1137,50,LUJAN DE CUYO,INDEFINIDO,2,1,EL MORO SRL ,NC,50063.0
657,58,CONFLUENCIA,INDEFINIDA,1,1,DALLA VILLA ALBERTO RAUL,EL CLAVO,58035.0
620,54,SAN JAVIER,INDEFINIDA,1,2,SOSA DA SILVA JUAN,IFAI - LOTE 61,54105.0
0,6,BARADERO,INDEFINIDA,1,2,ADD CROPS S.A.,BARADERO 1,6070.0
63,6,CHACABUCO,INDEFINIDA,1,2,KUMAGRO S.A.,MAC GRATH,6210.0
973,2,CIUDAD AUTONOMA BUENOS AIRES,INDEFINIDA,2,2,LABORATORIOS FERRINI S.A.I.C.I.,NC,2000.0
53,6,VILLALONGA,INDEFINIDA,1,3,ILGNER SEBASTIAN,LOS MEXICANOS,6602.0
125,6,CARMEN DE PATAGONES,INDEFINIDA,1,4,"VEXENAT PABLO C., FONTENLA DIEGO A.(AGROINDECO SRL) Y GIACHETTI WALTER",PURO CAMPO,6602.0
156,18,ALVEAR,INDEFINIDA,1,2,RIGO MARQUES GILMAR,PIRAYU,18056.0
214,30,CONCEPCION DEL URUGUAY,INDEFINIDA,1,2,CAMAÑO JULIO,SAN ANTONIO,30098.0
1097,46,AIMOGASTA,INDEFINIDO,2,2,GSP EMPRENDIMIENTOS AGROPECUARIOS SA,NC,46007.0
46,6,CARMEN DE PATAGONES,INDEFINIDA,1,4,GONZALEZ ELVIO,EX ARTEL,6602.0
1082,30,BASAVILBASO,INDEFINIDO,2,3,MAGNO S.A.,NC,30098.0
1071,26,LAGO PUELO,INDEFINIDO,2,3,ROSA PATAGONICA S.A.,NC,26014.0
47,6,MAR DEL PLATA,INDEFINIDA,1,2,GONZALEZ ZUGASTI ESTEBAN ANTONIO,PAITITI,6357.0
1048,14,TICINO,INDEFINIDO,2,4,JL SA,NC,14042.0
379,50,LA CONSULTA,INDEFINIDA,1,2,LACIENDA SA,LACIENDA,50091.0
830,62,CHICHINALES,INDEFINIDA,1,3,VALTIERRA S.A.,DON GILBERTO,62042.0
935,82,ROMANG,INDEFINIDA,1,3,MARIO A. WINGEYER,ISLA EL PALMAR,82098.0
1209,62,RIO COLORADO,INDEFINIDO,2,1,AGRICO.AR S.A.,NC,62063.0
1216,62,CIPOLLETTI,INDEFINIDO,2,1,"GREGORIO, NUMO Y NOEL WERTHEIN SA ",NC,62042.0
1259,82,AVELLANEDA,INDEFINIDO,2,2,ALOE CALCHAQUI S.R.L.,NC,82049.0
422,50,VISTA FLORES,INDEFINIDA,1,3,THIBAULT LEPOUTRE,FINCA CHACAYES NORTE (EX FINCA CHACAYES),50119.0
1181,54,RUIZ DE MONTOYA,INDEFINIDO,2,2,COOP. AGRICOLA LTDA. RUIZ DE MONTOYA,NC,54077.0
742,62,CHICHINALES,INDEFINIDA,1,3,FRESCURAS ORGANICAS PATAGONICAS S.A.,CHACRA CHICHINALES,62042.0
754,62,ALLEN,INDEFINIDA,1,2,GARCIA MARIA NELIDA,CHACRA 48,62042.0
1217,62,MAINQUE,INDEFINIDO,2,2,JUGOS LUGA S.A.,NC,62042.0
1234,62,VALLE AZUL,INDEFINIDO,2,3,SARALEGUY SANDRO SERGIO,NC,62035.0
1280,90,SOLDADO MALDONADO,INDEFINIDO,2,2,KINGBERRY S.A.,NC,90070.0
748,62,VILLA REGINA,INDEFINIDA,1,3,FRESCURAS ORGANICAS PATAGONICAS S.A.,CHACRA RAFIN,62042.0
1218,62,VILLA REGINA,INDEFINIDO,2,1,JUGOS SA,NC,62042.0
588,54,HIPOLITO YRIGOYEN,INDEFINIDA,1,3,RAUL LOPEZ/LUCAS LOPEZ,CUARAJU MIMBI,54098.0
922,78,PUERTO DESEADO,INDEFINIDA,1,2,TIRACHINI ALEJANDRO HECTOR,LA CHAIRA-LA JUANITA-LA PORTEÑA,78014.0
1240,66,CAFAYATE,INDEFINIDO,2,1,GRUPO PEÑAFLOR SA ,NC,66021.0
499,54,SAN JAVIER,INDEFINIDA,1,2,ESCARVADOFSKI LIZARDO TOMAS/ CERRI ORESTINA,IFAI - LOTE 1 Y 2,54105.0
1109,50,LUJAN DE CUYO,UGARTECHE,2,2,AVA S.A.,NC,50063.0
823,62,GENERAL ROCA,INDEFINIDA,1,1,"SANCHEZ, PEDRO",LOS CEDROS,62042.0
244,30,CONCORDIA,INDEFINIDA,1,3,"NEOFARMS SRL/GUIDOBONO JOSE MARIA/CALERO GUILLERMO,",POOL CONSORCIO - UNIDAD E,30015.0
538,54,SAN JAVIER,INDEFINIDA,1,2,KURZNIWSKI GERARDO GERMAN,IFAI - LOTE 11,54105.0
570,54,SAN JAVIER,INDEFINIDA,1,2,OLIVERA ROSA/PALCHICOVSKI SERGIO RAMON,IFAI - LOTE 6,54105.0
501,54,SAN JAVIER,INDEFINIDA,1,2,ESPINDOLA ALCIMIRO / FLORES MARTA,IFAI - LOTE 103,54105.0
181,26,COMODORO RIVADAVIA,INDEFINIDA,1,2,EPIGRAN S.A.,LAS MERCEDES Y SECCION LA PALOMA,26021.0
126,6,PEREZ MILLAN,INDEFINIDA,1,3,VIRTUD SA,EL CICLON LOTE 1,6665.0
1226,62,VILLA REGINA,INDEFINIDO,2,1,PATAGONIAN FRUITS TRADE SA,NC,62042.0
818,62,CINCO SALTOS,INDEFINIDA,1,3,SAN JOSE S.A.,SAN JOSE,62042.0
745,62,VILLA REGINA,INDEFINIDA,1,3,FRESCURAS ORGANICAS PATAGONICAS S.A.,CHACRA ABEL,62042.0
925,82,FIGHIERA,INDEFINIDA,1,3,FINCA DEL PARANA DE INGENIERO PIERINO CAMPETELLI,FINCA DEL PARANA ,82084.0
1200,58,CENTENARIO,INDEFINIDO,2,1,FRUTICULTORES UNIDOS CENTENARIO SRL,NC,58035.0
840,66,ORAN,SAN AGUSTIN,1,2,BODEN ALFREDO EDUARDO ,SAN AGUSTIN,66126.0
133,10,TINOGASTA,INDEFINIDA,1,1,"LONGO, PASCUAL",PASCUAL LONGO,10105.0
1193,54,OBERA,INDEFINIDO,2,1,LA OBEREÑA S.R.L.,NC,54091.0
773,62,GENERAL ROCA,INDEFINIDA,1,1,LAGO VERDE SA,LAGO VERDE,62042.0
521,54,SAN JAVIER,INDEFINIDA,1,2,GONZALEZ MARINO/ GONZALEZ CORNELIO/ GONZALEZ SOLEDAD MARIELA,IFAI - LOTE 99,54105.0
981,6,ALBERTI,INDEFINIDO,2,1,BIO GRAINS SA,NC,6021.0
492,54,SAN JAVIER,INDEFINIDA,1,2,EICHEMBER EVALDO / CLARA DOCARMO FERNANDEZ,IFAI - LOTE 21,54105.0
477,54,SAN JAVIER,INDEFINIDA,1,2,DE OLIVERA CARLOS ORLANDO,IFAI - LOTE 19,54105.0
28,6,CARMEN DE PATAGONES,INDEFINIDA,1,4,DON ALEJO SA,LAUQUEN,6602.0
381,50,LOS BARRIALES,INDEFINIDA,1,3,LAIANA S.R.L.,LAIANA,50035.0
842,66,EMBARCACION,INDEFINIDA,1,2,"COOPERATIVA DE PROVISION DE SERVICIOS PARA PRODUCTORES RURALES ""LA ESCONDIDA LTDA"".",FINCA IBAÑEZ,66056.0
815,62,VILLA MANZANO,INDEFINIDA,1,3,ROSAUER JUAN ROBERTO LUIS,CONTRATO LAR/JUAN ROBERTO LUIS ROSAUER (EX COMODATO....),62042.0
1188,54,SANTO PIPO,INDEFINIDO,2,2,KOTH ITATI MARIA EVANGELINA,NC,54098.0
488,54,SAN JAVIER,INDEFINIDA,1,2,DORNELES JUAN CARLOS / HOFFMANN MARTINS LAUDELINO,IFAI - LOTE 4 B,54105.0
380,50,LA CONSULTA,INDEFINIDA,1,2,LACIENDA SA,REPRESA TREGEA,50091.0
701,62,GENERAL ROCA,INDEFINIDA,1,1,AGRO ROCA SA,LA ESCONDIDA,62042.0
857,66,PICHANAL,INDEFINIDA,1,2,LA VOLUNTAD S.A.,EL TRAMPEADERO,66126.0
1084,30,SAN SALVADOR,INDEFINIDO,2,2,ORGANIC LATIN AMERICA S.A.,NC,30088.0
497,54,LIBERTADOR GENERAL SAN MARTIN,INDEFINIDA,1,3,ENRIQUE VICTOR ARRUA,MALCRIADO,54077.0
1094,46,CHILECITO,INDEFINIDO,2,1,COOPERATIVA VITIVINIFRUTICOLA  LA RIOJANA LTDA.,NC,46042.0
353,50,TUPUNGATO,INDEFINIDA,1,1,DOMAINE JEAN BOUSQUET  S.A.,FINCA EL ZAMPAL DELICIAS DE TUPUNGATO SA,50126.0
343,50,MAIPU,INDEFINIDA,1,1,CAÑA DE CASTILLA SRL,FINCA LOS ALAMOS ,50070.0
758,62,GENERAL ROCA,INDEFINIDA,1,1,"GARCIA, JOAQUIN",GARCIA JOAQUIN,62042.0
438,50,LUJAN DE CUYO,INDEFINIDA,1,3,VITTORI ROBERTO Y VERONICA S.H.,CASTRO BARRO,50063.0
805,62,GENERAL ROCA,INDEFINIDA,1,1,PEREZ MAGDALENA Y DANIEL,CHACRA 132,62042.0
767,62,GENERAL ROCA,INDEFINIDA,1,1,JOSE BARRESI S.A.,CHACRA 154,62042.0
615,54,SAN JAVIER,INDEFINIDA,1,2,SKRABA JUAN PABLO/SKRABA JUAN GUSTAVO,IFAI - LOTE 9 A,54105.0
980,6,ALBERTI,INDEFINIDO,2,1,BIO GRAINS SA,NC,6021.0
543,54,SAN JAVIER,INDEFINIDA,1,2,LORENZO YOLANDA /SENIO CRISTIAN SANTIAGO,IFAI - LOTE 237,54105.0
513,54,SAN JAVIER,INDEFINIDA,1,2,GALVAN MARIELA ANDREA,IFAI - LOTE 162-163,54105.0
929,82,CASEROS,INDEFINIDA,1,2,KUMAGRO S.A.,LA CATALINA,82014.0
690,58,CONFLUENCIA,INDEFINIDA,1,1,SAYIHUE SRL,VISTA ALEGRE,58035.0
594,54,SAN JAVIER,INDEFINIDA,1,2,RODRIGUEZ MIGUEL CEFERINO,IFAI - LOTE H,54105.0
218,30,CONCORDIA,INDEFINIDA,1,1,ECA  SA,LA 83,30015.0
230,30,BASAVILBASO,INDEFINIDA,1,3,GUILLERMO JAUCK Y HERMANOS SOCIEDAD DE HECHO,LISFCHITZ,30098.0
270,38,PALMA SOLA,INDEFINIDA,1,2,PALMA SOLA FARMS S.R.L,PALMA SOLA,38070.0
417,50,VILLA ATUEL,INDEFINIDA,1,2,SOLANDES S.A.,SOLANDES,50105.0
671,58,CENTENARIO,INDEFINIDA,1,1,"JACOBO, FRANCISCO JOSE","JACOBO, FRANCISCO JOSE",58035.0
1268,86,SANTIAGO DEL ESTERO,INDEFINIDO,2,4,COOPSOL LTDA.,NC,86049.0
1258,74,SAN FRANCISCO DEL MONTE DE ORO,INDEFINIDO,2,3,HEGUILOR GUILLERMO JULIO,NC,74007.0
808,62,VIEDMA,INDEFINIDA,1,3,QUANTUM S.R.L.,CHACRA A-366,62007.0
1271,90,ACHERAL,INDEFINIDO,2,3,CITROMAX S.A.C.I,NC,90070.0
1154,50,TUPUNGATO,INDEFINIDO,2,1,MASI TUPUNGATO VIGNETI LA ARBOLEDA SA ,NC,50126.0
968,90,MONTEROS,INDEFINIDA,1,2,TIERRA DE BERRIES S.A.,TIERRA DE BERRIES,90070.0
286,46,CHILECITO,INDEFINIDA,1,1,FINCA CERES SRL,FINCA CERES (EX-AGRICOLA SAN CAYETANO 3),46042.0
1049,14,ALTA GRACIA,INDEFINIDO,2,1,LA MECO S.R.L,NC,14147.0
913,78,PUERTO DESEADO,INDEFINIDA,1,2,DON TIBURCIO S.H.,LA RUFINA Y SECCION LA PAVA,78014.0
1165,50,SAN RAFAEL,INDEFINIDO,2,2,PRUGNA SRL,NC,50105.0
622,54,SAN JAVIER,INDEFINIDA,1,2,STECIUK GREGORIO ALEJANDRO,IFAI - LOTE 228,54105.0
654,58,CENTENARIO,INDEFINIDA,1,1,"CARDENAS, JUANA ROSA",LOTE 160,58035.0
151,18,BELLA VISTA,INDEFINIDA,1,2,FEYEN ROBERTO,MARIA ANGELICA,18007.0
108,6,BOLIVAR,INDEFINIDA,1,2,RIVARA S.A.,10 DE JUNIO,6105.0
591,54,SAN JAVIER,INDEFINIDA,1,2,RIVERO JUAN CARLOS,IFAI - LOTE 67,54105.0
373,50,LUJAN DE CUYO,INDEFINIDA,1,2,HAGEN DE MONTERO GUILLERMINA,FINCA MONTERO,50063.0
662,58,CONFLUENCIA,INDEFINIDA,1,1,DELLA GASPERA ALDO,CIPOLLETTI,58035.0
132,10,BAÑADO DE OVANTA,INDEFINIDA,1,2,LA OVEJERIA CONSTRUCCIONES S.R.L.,EL BAÑADO,10098.0
187,26,TRELEW,INDEFINIDA,1,2,GARCIA SALVADOR O.,SAN GENARO,26077.0
366,50,FRAY LUIS BELTRAN,INDEFINIDA,1,3,FRUTOS DE SANTA ROSA S.A.,FINCA BELTRAN,50070.0
1231,62,GENERAL ROCA,INDEFINIDO,2,1,PRIMERA COOPERATIVA FRUTICOLA DE GENERAL ROCA LTDA.,NC,62042.0
1255,70,CAUCETE,INDEFINIDO,2,1,RINCON AMARILLO S.A.,NC,70035.0
249,30,1º DE MAYO,INDEFINIDA,1,2,WOLFF GUSTAVO ALFREDO,LOS NOGALES,30098.0
683,58,CONFLUENCIA,INDEFINIDA,1,1,"MONACHESI, ALEJANDRO GABRIEL",LA CRISTINA,58035.0
40,6,CARMEN DE PATAGONES,INDEFINIDA,1,4,GARAT ALBERTO ADOLFO,MI SUEÑO,6602.0
916,78,RIO GALLEGOS,INDEFINIDA,1,2,ESTANCIAS SARA BRAUN S.A.,SOFIA - BELLA VISTA- SAN ANTONIO,78021.0
1090,46,AIMOGASTA,INDEFINIDO,2,1,CLEAN INVESTMENT SA ,NC,46007.0
