id_registro,productos
0,SOJA
1,GIRASOL
1,MIJO
1,RESIDUO VEGETAL
2,MAIZ
2,AVENA
2,CAMPO NATURAL
3,SOJA
3,ALPISTE
4,SOJA
4,ALPISTE
4,TRIGO
5,CEREALES
6,CEREALES
7,NUEZ PECAN
7,PASTURAS
7,INCULTO
8,GANADERIA BOVINA
9,ARANDANO
10,ARANDANO
10,FRAMBUESA
10,MORA
10,TOMATE
10,PIMIENTO
10,ZAPALLO
10,INCULTO
11,ARANDANO
11,DESCANSO
12,TRIGO
12,SOJA
13,LINO DORADO
13,SOJA
14,TRIGO
14,SOJA
15,TRIGO
15,SOJA
16,ARANDANO
16,PASTURAS
17,ARANDANO
17,NARANJA
18,VACAS
18,VAQUILLONAS
18,NOVILLOS
18,TOROS
18,TERNERAS
19,OLIVO
20,REPOLLO
20,ACELGA
20,BROCOLI
20,HINOJO
20,HABAS
20,ESPINACA
20,COLIFLOR
20,LECHUGA
20,CEBOLLA DE VERDEO
20,MANZANA
20,HIGOS
20,CIRUELA
20,PERA
20,DURAZNO
20,MANDARINA
20,POMELO
20,FORESTALES
21,ARANDANO
21,MORA
21,CIRUELA
21,DURAZNO
22,ARANDANOS
23,HORTALIZAS
24,HORTICULTURA: HORTALIZAS DE RAIZ
24,HOJA
24,FRUTOS
25,HUEVOS
26,AVENA
26,TRIGO
27,KIWI
28,CEREALES
29,CEREALES
30,TRIGO
30,CENTENO
30,AVENA
30,CEBADA
30,PASTURAS
30,CAMPO NATURAL
31,CEREALES
32,CEREALES
33,MAIZ
33,SOJA
33,GIRASOL
33,LINO
33,TRIGO
34,MAIZ
34,LINO
34,TRIGO
34,GIRASOL
35,AVENA
35,ARVEJA
35,ABONO VERDE
35,TRIGO
35,SORGO
36,KIWIS
37,VACAS
37,TERNEROS
38,KIWI
38,LIMON
38,MORAS SILVESTRES
38,NOGALES
38,MANDARINA
38,HIGO
39,ALFALFA
39,CAMPO NATURAL
39,SOJA
39,TRIGO
39,AVENA
39,CEBADA
39,ARVEJA
39,LINO
39,ZAPALLO
39,SESAMO
39,POROTO
39,AMARANTO
39,MAIZ
39,GIRASOL
39,SORGO
39,MAIZ PISINGALLO
40,CEREALES
40,OLEAGINOSAS
41,LECHE
41,VACAS DE TAMBO
41,VAQUILLONAS
41,TOROS
41,TERNERAS
41,TERNEROS
42,AVENA
43,RUCULA
43,RABANITO
43,PUERROS
43,PIMIENTOS
43,BERENJENAS
43,CEBOLLA
43,PEREJIL
43,ACELGA
43,REMOLACHA
43,ZAPALLO
43,BATATA
43,HINOJO
43,ESCAROLA
43,REPOLLO
43,ZANAHORIA
43,CHAUCHA
43,ZAPALLITO
43,ZUCCHINI
43,TOMATE
43,LECHUGA
43,CIBOULETTE
43,FRUTILLA
43,ESPINACA
43,ARVEJA
43,HABAS
43,PAK CHOY
43,RADICHETA
43,APIO
43,JENJIBRE
43,MILENRAMA
43,CEDRON
43,SALVIA
43,MENTA
43,MELISA
43,TOMILLO
43,ROMERO
43,MOSTAZA
43,CURCUMA
43,AJENJO
43,KALE
43, LIMON
43,MANZANA
43,BROCOLI
43,AJO
43,ALCAUCIL.
44,CEREALES
44,OLEAGINOSAS
45,CEREALES
45,OLEAGINOSAS
46,CEREALES
46,OLEAGINOSAS
47,PASTURAS
47,SORGO
47,CEBADA
47,TRIGO
47,CAMPO NATURAL
48,GANADERIA BOVINA
49,CEREALES
50,AVENA
50,CEBADA
50,TRIGO
51,ZAPALLO RED HOKKAIDO
51,CEBOLLA
52,AVENA
52,TRIGO
53,AVENA
53,TRIGO
54,KIWI
54,DESCANSO
54,MONTE
55,SOJA
56,GANADERIA BOVINA
57,TRIGO
58,TRIGO
59,MAIZ
59,CENTENO
59,DESCANSO
59,SOJA
59,ABONO VERDE
60,ESPINACA
60,REPOLLO
60,ACELGA
60,LECHUGA
60,RADICHETA
60,NABO
60,RUCULA
60,HINOJO
60,BROCOLI
60,ZANAHORIA
60,PUERRO
60,ESPARRAGOS
60,BERENJENA
60,TOMATE
60,AJI
60,PIMIENTO
60,FRUTILLA
60,BATATA
60,ZAPALLO
60,REMOLACHA
60,ALCAUCIL
60,APIO
60,RABANITO
60,CEBOLLA
60,ZUCCHINI
60,NARANJA
60,LIMON
60,MANDARINA
60,POMELO
60,HIGOS
60,CIRUELA
60,QUINOTO
60,NUEZ
60,ALMENDRAS
60,PALTA
60,ZAPALLITO
61,SOJA
61,ABONO VERDE
62,MAIZ
63,MAIZ
64,SOJA
64,MAIZ
65,SOJA
65,ARVEJA
65,MAIZ
65,RESIDUO VEGETAL
66,CENTENO
66,MAIZ PISINGALLO
66,DESCANSO
66,SOJA
67,CEBADA
67,TRIGO
67,GANADERIA BOVINA
68,VACAS
68,TERNERAS
68,TOROS
68,VAQUILLONAS
68,NOVILLOS
69,GIRASOL ALTO OLEICO
69,DINKEL
70,ROMERO
70,LAVANDA
70,LAVANDIN
70,OREGANO
70,TOMILLO
70,SALVIA
70,HISOPO
70,MELISA
70,AJEDREA
71,SORGO FORRAJERO
71,GIRASOL
71,GANADERIA BOVINA
71,GANADERIA OVINA
72,RUCULA CHINA
72,NIRA
72,REMNOLACHA
72, PACK CHOI
72,REMOLACHA
72,BRASSICA CHINENSIS
72,BRASSICA ALBOGLABRA
72,BRASSICA JUNCEA
72,LECHUGA CHINA
72,RUCULA SELVATICA
72,APIO CHINO
72,ESPINACA
72,CRISANTEMO
72,IPOMOEA AQUATICA
72,BRASSICA NAPUS
73,VACAS
73,TERNERAS
73,TOROS
74,PASTURAS
75,MAIZ PISINGALLO
75,DESCANSO
75,GIRASOL ALTO OLEICO
76,CEREALES
76,OLEAGINOSAS
77,ALZA MELARIA
77,COLMENAS
77,NUCLEOS
78,TOROS
78,VACAS
78,TERNERAS
78,TERNEROS
79,ALFALFA
79,TRIGO
79,CENTENO
80,HORTALIZAS
81,HORTALIZAS
82,CEREALES
82,OLEAGINOSAS
83,CEREALES
83,OLEAGINOSAS
84,CEREALES
84,OLEAGINOSAS
85,CEREALES
85,OLEAGINOSAS
86,CEREALES
86,OLEAGINOSAS
87,CEREALES
87,OLEAGINOSAS
88,ZANAHORIA
88,CEBOLLA VERDEO
88,REPOLLO
88,LECHUGA
88,ACELGA
88,PEREJIL
88,RUCULA
88,PUERRO
88,NABO
88,AJO
88,ESPINACA
88,RADICHETA
89,INCULTO
89,AVENA
89,PASTURAS
89,CENTENO
89,SORGO
89,GIRASOL
90,CEREALES
90,OLEAGINOSAS
91,CEREALES
92,SORGO
93,SOJA
93,MAIZ
94,GIRASOL ALTO OLEICO
95,MAIZ
96,SOJA
96,MAIZ
97,MAIZ
97,DESCANSO
98,SORGO
98,SOJA
99,HORTICULTURA
100,HORTALIZAS
101,AVENA
101,CENTENO
101,GANADERIA BOVINA
102,TRIGO
102,AVENA
102,CENTENO
102,CEBADA
102,GIRASOL
102,GANADERIA BOVINA
103,SOJA
103,MAIZ
103,PASTURAS
103,TRIGO
103,CEBADA
103,CAMPO NATURAL
104,SOJA
104,SORGO
104,CAMPO NATURAL
104,PASTURAS
105,MAIZ
105,PASTURAS
105,SOJA
105,MAIZ PISINGALLO
105,CAMPO NATURAL
106,DESCANSO
106,SOJA
106,MAIZ
106,PASTURAS
107,PASTURAS
107,ABONO VERDE
107,CAMPO NATURAL
107,SOJA
107,DESCANSO
107,MONTE
108,SOJA
109,SOJA
110,SOJA
111,VACAS
111,NOVILLOS
111,VAQUILLONAS
111,TOROS
111,TERNEROS
111,TERNERAS
112,RADICHETA
112,RUCULA
112,ALBAHACA
112,MENTA
112,CILANTRO
112,SALVIA
112,TOMILLO
112,ESPARRAGOS
112,TOMATE
112,INCULTO
112,ROMERO
112,ALFALFA
112,ALCAUCIL
112,ESTRAGON
112,PEREJIL
112,CEBOLLA
113,TRIGO
114,TRIGO
115,HORTALIZAS
115,ARROZ
116,SOJA
117,CEREALES
117,OLEAGINOSAS
118,CEREALES
118,OLEAGINOSAS
119,CEREALES
119,OLEAGINOSAS
120,CEREALES
120,OLEAGINOSAS
121,CEREALES
121,OLEAGINOSAS
122,VACAS
122,VAQUILLONAS
122,TOROS
122,TERNEROS
122,TERNERAS
123,MORA
123,INCULTO
123,ARANDANO
123,FRAMBUESA
123,PERA
123,MANDARINA
123,NARANJA
123,LIMON
123,NUEZ PECAN
123,HIGOS
123,DURAZNO
123,CIRUELA
124,HORTICULTURA: (RAIZ
124,HOJAS
124,FRUTOS) 
124, FRUTALES: (CAROZO
124,PEPITA
124,CITRICOS).
125,CEREALES
125,OLEAGINOSAS
125,GANADERIA BOVINA
126,MAIZ
126,SOJA
126,GIRASOL
127,UVA
127,INCULTO
127,PASAS DE UVA
128,OLIVOS
129,MAIZ
129,POROTO
129,AMARANTO
130,MAIZ
130,GARBANZO
130,POROTO
131,OLIVOS
132,CHIA (SALVIA HISPANICA L.)
133,VID
134,OLIVOS
135,GERANIO
135,PASTO LIMON
135,OREGANO
136,CEREALES
136,OLEAGINOSAS
136,LEGUMINOSAS
137,GARBANZO
137,GIRASOL
137,MAIZ
137,TRIGO
137,MANI
137,POROTO
137,CHIA
137,AMARANTO
137,SESAMO
137,ARVEJA
138,ACELGA
138,ESPINACA
138,LERCHUGA GALLEGA
138,LECHUGA MANTECOSA
138,LECHUGA CRESPA
138,PEREJIL
138,RABANITO
138,ESCAROLA FINA
138,ZANAHORIA
138,ROMERO
138,CEBOLLA DE VERDEO
138, RUCULA
138,CIRUELAS
138,DURAZNOS.
139,TRIGO
139,MAIZ
139,SOJA
139,"ALFALFA,CENTENO"
139,GANADERIA BOVINA
140,MIEL
140,SUBPRODUCTOS DE LA COLMENA
141,MAIZ
141,TRIGO
141,SOJA
142,TOMILLO
142,SALVIA
142,OREGANO
142,PEREJIL
142,PUERRO
142,CEBOLLA
142,ZANAHORIA
142,LECHUGA
142,ACELGA
142,ZAPALLITO
142,REMOLACHA
142,CHOCLO
142,ZUCCINI
142,ESPINACA
142,RABANITO
142,CHAUCHA
142,RUCULA
142,CILANTRO
142,NABO
142,PEPINO
142,APIO
142,MELON
142,ZAPALLO
142,ROMERO
142,ESPARRAGOS
143,CEBADA
143,ALFALFA
143,VICIA
143,RABANITO
143,NABO
143,REMOLACHA
143,RUCULA
143,LECHUGA
143,PUERRO
143,CEBOLLA
144,ACEITUNAS
144,OLIVO
144,MELON
144,TOMATE
144,ZAPALLO
144,CEBOLLA
144,ZANAHORIA
144,MANZANILLA
144,PAPA
144,REMOLACHA
144,ACELGA
144,ESPINACA
144,PIMIENTO
144,LECHUGA
144,PEREJIL
145,TERNEROS
145,VACAS
145,VAQUILLONAS
145,TOROS
146,CEREALES
146,OLEAGINOSAS
147,GARBANZO
147,GIRASOL
147,MAIZ
147,TRIGO
147,MANI
147,POROTO
147,CHIA
147,AMARANTO
147,SESAMO
147,ARVEJAS
147,OLIVAS
147,OTROS.   
148,NUCLEOS
148,COLMENAS
148,ALZA MELARIA
149,AROMATICAS
150,MANDARINA
150,NARANJA
151,LIMON
152,INCULTO
152,ARROZ
153,ARROZ
154,ARROZ
155,ARROZ
155,CAMPO NATURAL
156,INCULTO
156,DESCANSO
156,ARROZ
156,MONTE
157,LIMON
158,ZAPALLO
158,DESCANSO
158,INCULTO
159,ZAPALLO
159,CAMPO NATURAL
160,ALZA MELARIA
160,COLMENAS
160,NUCLEOS
161,ARROZ
161,INCULTO
162,POMELO
163,MIEL
163,SUBPRODUCTOS DE LA COLMENA
164,MIEL
164,SUBPRODUCTOS DE LA COLMENA
165,MIEL
165,SUBPRODUCTOS DE LA COLMENA
166,ARROZ
167,NUCLEOS
167,COLMENAS
167,ALZA MELARIA
167,CERA
168,MIEL
168,SUBPRODUCTOS DE LA COLMENA
169,MIEL
169,SUBPRODUCTOS DE LA COLMENA
170,VACAS
170,TOROS
171,OVEJAS
171,LANA SUCIA
171,CAPONES
171,BORREGAS
171,BORREGOS
171,CARNEROS
172,LANA SUCIA
172,CAPONES
172,OVEJAS
172,CARNEROS
173,LANA SUCIA
173,GUANACOS
174,LANA SUCIA
174,CARNEROS
174,BORREGAS
174,OVEJAS
174,CAPONES
174,BORREGOS
175,TERNEROS
175,NOVILLOS
175,TOROS
175,VACAS
175,VAQUILLONAS
176,GANADERIA BOVINA
176,GANADERIA OVINA (CARNE
176,LANA)
177,ROSA MOSQUETA
178,CASSIS
178,FRAMBUESA
178,MORA
178,GROSELLA
179,CASSIS
179,FRAMBUESA
179,MORA
180,LANA SUCIA
180,OVEJAS
180,BORREGAS
180,CORDEROS
180,CAPONES
180,CARNEROS
181,VACAS
181,VAQUILLONAS
181,TOROS
181,TERNEROS
182,OVEJAS
182,LANA SUCIA
182,BORREGOS
182,BORREGAS
182,CARNEROS
182,CAPONES
183,LANA SUCIA
183,OVEJAS
183,BORREGOS
183,CAPONES
183,CARNEROS
184,OVEJAS
184,LANA SUCIA
184,BORREGOS
184,BORREGAS
184,CAPONES
185,OVEJAS
185,CAPONES
185,CARNEROS
185,CORDEROS
186,TOROS
186,VACAS
186,TERNEROS
186,TERNERAS
187,LANA SUCIA
187,OVEJAS
187,BORREGAS
187,CAPONES
187,BORREGOS
187,CARNEROS
188,LANA SUCIA
188,OVEJAS
188,CAPONES
188,BORREGOS
188,BORREGAS
188,CARNEROS
189,GUANACOS
190,PARAMELA
191,VAQUILLONAS
191,VACAS
191,TOROS
191,TERNEROS
192,VACAS
192,VAQUILLONAS
192,TERNERAS
192,NOVILLOS
192,TOROS
193,OVEJAS
193,BORREGAS
193,CORDEROS
193,CAPONES
193,CARNEROS
194,OVEJAS
194,LANA SUCIA
194,BORREGAS
194,BORREGOS
194,CAPONES
194,CARNEROS
195,LANA SUCIA
195,CARNEROS
195,BORREGAS
195,CAPONES
195,BORREGOS
195,OVEJAS
196,CASSIS
196,FRAMBUESA
196,MORA
196,GROSELLA
196,SAUCO
197,FRAMBUESA
197,BOYSENBERRY
197,CASSIS
197,MORA
197,GUINDA
197,SAUCO
197,AVELLANO
197,CORINTO
198,CARNEROS
198,OVEJAS
198,CAPONES
198,CORDEROS
199,VACAS
200,MONTE
200,FRUTILLA
200,FRAMBUESA
200,GROSELLA
200,CORINTO
200,SAUCO
200,CEREZA
200,CAMPO NATURAL
200,GUINDAS
200,CASSIS
200,ZARZAMORA
200,ARANDANO
201,CAPONES
202,CARNEROS
202,LANA SUCIA
202,CAPONES
202,OVEJAS
202,BORREGAS
202,BORREGOS
202,CORDEROS
203,LANA SUCIA
203,OVEJAS
203,CAPONES
203,CARNEROS
203,BORREGOS
204,ROSA MOSQUETA
204,MORILLAS
204,HIPERICOM
205,FRAMBUESA
205,FRUTILLA
205,ROSA MOSQUETA
206,OVEJAS
206,LANA SUCIA
206,CAPONES
206,CARNEROS
206,BORREGAS
206,BORREGOS
207,ALGAS MARINAS
208,VACAS
208,VAQUILLONAS
208,NOVILLOS
208,TERNEROS
208,TERNERAS
208,TOROS
209,OVEJAS
209,LANA SUCIA
209,BORREGAS
209,CAPONES
209,CARNEROS
210,OVEJAS
210,BORREGAS
210,BORREGOS
210,CAPONES
210,CARNEROS
211,LANA SUCIA
211,OVEJAS
211,CAPONES
211,CARNEROS
211,BORREGOS
211,BORREGAS
212,GIRASOL AO
212,SORGO BLANCO
212,MIJO
212,MAIZ PISINGALLO
212,LINO DORADO
213,MIEL
213,EXTRACCION DE MIEL
213,ESTAMPADO DE CERA
214,INCULTO
214,CAMPO NATURAL
214,MONTE
214,STEVIA
215,NARANJA
215,LIMON
215,MANDARINA
215,POMELO
216,MAIZ
216,LINO
217,CEREALES
217,OLEAGINOSAS
218,LIMON
218,NARANJA
219,LINO
219,CEBADA
219,CENTENO
219,TRITICALE
219,SOJA
219,MAIZ
219,MOSTAZA
220,ARANDANOS
221,CAMPO NATURAL
221,MAIZ PISINGALLO
221,GIRASOL CONFITERO
222,ARROZ
223,NUEZ PECAN
223,STEVIA
223,FRUTALES
224,ARROZ
225,ARROZ
226,LINO DORADO
227,LINO DORADO
228,LINO MARRON
229,LINO MARRON
230,LINO MARRON
230,LINO DORADO
231,CORIANDRO
232,LIMON
232,NARANJA
233,NARANJA
234,TRIGO
234,SOJA
235,SOJA
235,MAIZ
236,ARROZ
237,SORGO
237,TRIGO
237,ARROZ
238,SORGO
239,SORGO
240,CAMPO NATURAL
241,CAMPO NATURAL
242,CAMPO NATURAL
243,CAMPO NATURAL
244,CAMPO NATURAL
245,LINO
245,ARROZ
246,VACAS
246,VAQUILLONAS
246,TERNERAS
246,TOROS
246,TERNEROS
246,NOVILLOS
247,NARANJA
247,MANDARINA
247,LIMON
247,DURAZNO
247,CIRUELA
247,MAIZ
247,TOMATE
247,POMELO
248,AGRICULTURA
249,NUEZ PECAN
250,ALOE VERA
250,PASTIZAL NATURAL
250,INCULTO
251,BANANO
251,MANGO
251,FRUTAS TROPICALES
252,POMELO
252,INCULTO
253,CAÑA DE AZUCAR
253,DESCANSO
254,CAÑA DE AZUCAR
255,CAMPO NATURAL
255,ALFALFA
256,CHIA (SALVIA HISPANICA L)
256,CAMPO NATURAL
257,CAÑA DE AZUCAR
257,MAIZ PISINGALLO
257,MAIZ
257,POROTO COLORADO
257,POROTO NEGRO
258,ALZA MELARIA
259,CAÑA DE AZUCAR
259,INCULTO
260,CHIA (SALVIA HISPANICA L)
260,MONTE
261,CAÑA DE AZUCAR
262,CAÑA DE AZUCAR
263,TRIGO
264,CAÑA DE AZUCAR
264,MONTE
265,CAÑA DE AZUCAR
265,INCULTO
266,CAÑA DE AZUCAR
267,CAÑA DE AZUCAR
267,INCULTO
268,CAÑA DE AZUCAR
268,MONTE
268,CAMPO NATURAL
269,CAÑA DE AZUCAR
269,FORESTALES
269,INCULTO
270,SESAMO
270,POROTO NEGRO
270,MONTE
270,POROTO COLORADO
270,CHIA (SALVIA HISPANICA L)
271,GIRASOL
271,POROTO MUNG
272,COLMENAS
272,NUCLEOS
272,ALZA MELARIA
273,ALZA MELARIA
273,COLMENAS
273,NUCLEOS
274,VID
274,OLIVOS
275,VID
275,OLIVOS
276,VID
276,OLIVOS
277,JOJOBA
278,JOJOBA
279,MONTE
279,OLIVO
279,GRANADO
279,ALGARROBO
279,LAUREL
280,VID
281,VID
281,OLIVOS
282,VID
282,OLIVOS
283,VID
283,NOGALES
284,VID
284,OLIVOS
285,OLIVOS
286,VID
286,OLIVOS
287,OLIVOS
288,PASAS DE UVA
289,VID
289,OLIVOS
290,JOJOBA
291,VID
292,VD
292,OLIVOS
293,VID
294,VID
294,OLIVOS
295,VID
295,OLIVOS
296,OLIVO
296,PEREJIL
296,AJI
296,ACEITUNAS
296,INCULTO
297,VID
298,VID
298,OLIVOS
299,NOGALES
299,CASTAÑA
300,OLIVOS
300,VID
300,MELON
300,SANDIA
300,TOMATE
300,MAIZ
300,ZAPALLO
300,BATATA
301,VID
301,OLIVOS
302,OLIVOS
303,OLIVOS
304,VID
304,OLIVOS
305,VID
306,JOJOBA
307,VID
308,ESPARRAGOS
308,AJO
308,ABONO VERDE
309,VID
310,DESCANSO
311,UVAS
312,MANZANA
312,ZAPALLO
312,ZANAHORIA
312,CEBOLLA
312,ECHALOTTE
312,INCULTO
312,ZAPALLO ANCO
312,AJO
312,DESCANSO
312,BROCOLI
312,CAMPO NATURAL
313,VID
314,VID
315,VID
315,INCULTO
315,ALFALFA
316,UVAS
317,UVAS
318,DESCANSO
318,ZAPALLO
318,AJO
318,INCULTO
319,DESCANSO
319,AJO
319,INCULTO
319,CAMPO NATURAL
319,ZAPALLO
320,INCULTO
320,NUEZ PECAN
320,HIGOS
320,VID
320,OLIVO
320,CIRUELA
320,CEREZA
320,PERA
320,MANZANA
320,DURAZNO
320,DAMASCO
321,VID
322,VID
322,DAMASCO
322,CIRUELA
322,INCULTO
322,OLIVO
322,DURAZNO
322,CAMPO NATURAL
323,DESCANSO
323,AJO
323,INCULTO
324,VID
325,UVAS
326,VID
327,VID
328,VID
329,UVAS
330,UVAS
331,UVAS
332,UVAS
333,UVAS
334,VID
335,VID
335,INCULTO
336,VID
336,INCULTO
337,INCULTO
337,ABONO VERDE
337,CAMPO NATURAL
338,VID
339,VID
340,CAÑA DE CASTILLA
341,CAÑA DE CASTILLA
342,CAÑA DE CASTILLA
343,CAÑA DE CASTILLA
344,UVAS
345,VID
345,OLIVOS
346,VID
346,OLIVOS
347,AJO
347,ZAPALLO
348,UVAS
348,ACEITUNAS
349,INCULTO
349,ZAPALLO
349,ABONO VERDE
349,AJO
349,DESCANSO
349,CEBOLLA
349,PAPA
350,INCULTO
350,CIRUELA
350,ZAPALLO
350,OLIVO
350,TOMATE
351,VID
352,VID
353,VID
354,HORTALIZAS
355,VID
356,UVAS
357,UVAS
358,UVAS
359,VID
360,DAMASCO
360,UVA DE MESA
360,INCULTO
361,VID
361,INCULTO
362,CENTENO
362,PASTIZAL NATURAL
363,VID
364,VID
365,VID
366,ACEITUNAS
367,UVAS
368,UVAS
369,CIRUELA
369,ACEITUNAS
369,FORESTALES
369,CAMPO NATURAL
370,VID
371,VID
372,VID
372,DAMASCO
373,VID
373,CAMPO NATURAL
374,ZAPALLO
374,DESCANSO
374,ZANAHORIA
375,UVAS
376,UVAS PARA VINIFICAR
377,UVAS PARA VINIFICAR
378,NOGAL
378,MONTE
378,INCULTO
379,VID
380,VID
381,CIRUELAS
381,ACEITUNAS
381,UVAS
382,VID
382,NUEZ
383,ACEITUNAS
383,UVAS
384,ACEITUNAS
384,CIRUELAS
384,DAMASCOS
384,NUECES
385,VID
386,VID
387,CIRUELA
387,INCULTO
387,DURAZNO
387,VID
387,OLIVO
387,CAMPO NATURAL
388,VID
389,VID
389,INCULTO
389,CAMPO NATURAL
390,UVAS
391,UVAS PARA VINIFICAR
392,UVAS PARA VINIFICAR
393,UVAS PARA VINIFICAR
394,UVAS
395,VID
396,MIEL
397,VID
397,OLIVOS
398,VID
398,NOGAL
398,INCULTO
399,VID
400,OLIVOS
400,DAMASCO
400,CIRUELA
401,VID
401,OLIVOS
402,INCULTO
402,OLIVO
402,VID
403,VID
403,OLIVOS
404,UVAS
405,UVAS
406,UVAS
407,UVAS
408,ABONO VERDE
408,AJO
409,AJO
409,ABONO VERDE
410,UVAS
410,AROMATICAS
411,ESPARRAGO
412,VID
412,NOGAL
412,INCULTO
412,OLIVO
412,ALFALFA
413,VID
414,CIRUELA
414,INCULTO
414,CIRUELA DESECADA
415,AJO
415,CEBOLLA
415,CAMPO NATURAL
415,INCULTO
416,UVAS PARA VINIFICAR
416,UVAS FRESCAS (MESA)
417,VID
417,ACEITUNAS
417,INCULTO
418,CIRUELAS
418,UVAS
418,ACEITUNAS
419,VID
419,INCULTO
419,MEMBRILLO
420,CEREZA
421,ZAPALLO
421,CHOCLO
422,UVAS PARA VINIFICAR
423,VID
423,INCULTO
424,UVAS
425,UVAS
426,UVAS
427,VID
428,VID
429,VID
430,VID
431,OLIVO
432,CIRUELA
432,VID
432,INCULTO
432,CAMPO NATURAL
433,VID
434,VID
435,VID
436,VID
436,OLIVOS
437,VID
438,VINO
438,UVAS
438,ACEITUNAS
439,CAÑA DE AZUCAR
440,CAÑA DE AZUCAR
441,CAÑA DE AZUCAR
442,CAÑA DE AZUCAR
443,CAÑA DE AZUCAR
444,CAÑA DE AZUCAR
445,CAÑA DE AZUCAR
446,CAÑA DE AZUCAR
447,CAÑA DE AZUCAR
448,CAÑA DE AZUCAR
449,CAÑA DE AZUCAR
450,LIMON
450,MANDARINA
450,NARANJA
450,PONELO
450,ANANA
451,CAÑA DE AZUCAR
452,YERBA MATE
453,YERBA MATE
454,CAÑA DE AZUCAR
455,CAÑA DE AZUCAR
456,CAÑA DE AZUCAR
457,CAÑA DE AZUCAR
458,CAÑA DE AZUCAR
459,CAÑA DE AZUCAR
460,CAÑA DE AZUCAR
461,CAÑA DE AZUCAR
462,CAÑA DE AZUCAR
463,CAÑA DE AZUCAR
464,CAÑA DE AZUCAR
465,YERBA MATE
466,CAÑA DE AZUCAR
467,CAÑA DE AZUCAR
468,YERBA MATE
468,TE
469,CAÑA DE AZUCAR
470,CAÑA DE AZUCAR
471,CAÑA DE AZUCAR
472,CAÑA DE AZUCAR
473,CAÑA DE AZUCAR
474,CAÑA DE AZUCAR
475,CAÑA DE AZUCAR
476,CAÑA DE AZUCAR
477,CAÑA DE AZUCAR
478,CAÑA DE AZUCAR
479,CAÑA DE AZUCAR
480,CAÑA DE AZUCAR
481,CAÑA DE AZUCAR
482,CAÑA DE AZUCAR
483,CAÑA DE AZUCAR
484,CAÑA DE AZUCAR
485,CAÑA DE AZUCAR
486,CAÑA DE AZUCAR
487,CAÑA DE AZUCAR
488,CAÑA DE AZUCAR
489,CAÑA DE AZUCAR
490,CAÑA DE AZUCAR
491,CAÑA DE AZUCAR
492,CAÑA DE AZUCAR
493,CAÑA DE AZUCAR
494,CAÑA DE AZUCAR
495,CAÑA DE AZUCAR
496,CAÑA DE AZUCAR
497,YERBA MATE
498,CAÑA DE AZUCAR
499,CAÑA DE AZUCAR
500,CAÑA DE AZUCAR
501,CAÑA DE AZUCAR
502,CAÑA DE AZUCAR
503,CAÑA DE AZUCAR
504,CAÑA DE AZUCAR
505,CAÑA DE AZUCAR
506,CAÑA DE AZUCAR
507,CAÑA DE AZUCAR
508,CAÑA DE AZUCAR
509,CAÑA DE AZUCAR
510,CAÑA DE AZUCAR
511,CAÑA DE AZUCAR
512,YERBA MATE
513,CAÑA DE AZUCAR
514,CAÑA DE AZUCAR
515,CAÑA DE AZUCAR
516,CAÑA DE AZUCAR
517,CAÑA DE AZUCAR
518,CAÑA DE AZUCAR
519,CAÑA DE AZUCAR
520,CAÑA DE AZUCAR
521,CAÑA DE AZUCAR
522,CAÑA DE AZUCAR
523,CAÑA DE AZUCAR
524,CAÑA DE AZUCAR
525,CAÑA DE AZUCAR
526,CAÑA DE AZUCAR
527,CAÑA DE AZUCAR
528,YERBA MATE
529,CAÑA DE AZUCAR
530,CAÑA DE AZUCAR
531,CAÑA DE AZUCAR
532,CAÑA DE AZUCAR
533,CAÑA DE AZUCAR
534,CAÑA DE AZUCAR
535,YERBA MATE
536,TE
536,YERBA MATE
537,CAÑA DE AZUCAR
538,CAÑA DE AZUCAR
539,SIN PROD.
540,TE
541,CAÑA DE AZUCAR
542,YERBA MATE
543,CAÑA DE AZUCAR
544,CAÑA DE AZUCAR
545,CAÑA DE AZUCAR
546,CAÑA DE AZUCAR
547,CAÑA DE AZUCAR
548,YERBA
548,CAÑA DE AZUCAR
548,MANDIOCA
548,AROMATICAS
548,MEDICINALES
549,CAÑA DE AZUCAR
550,CAÑA DE AZUCAR
551,CAÑA DE AZUCAR
552,YERBA
552,TE
552,POMELO
552,QUINOTO
552,MANDARINA
552,NARANJA.
553,CAÑA DE AZUCAR
554,CAÑA DE AZUCAR
555,TE
555,YERBA MATE
556,CAÑA DE AZUCAR
557,CAÑA DE AZUCAR
558,CAÑA DE AZUCAR
559,CAÑA DE AZUCAR
560,CAÑA DE AZUCAR
561,CAÑA DE AZUCAR
562,CAÑA DE AZUCAR
563,CAÑA DE AZUCAR
564,CAÑA DE AZUCAR
565,CAÑA DE AZUCAR
566,CAÑA DE AZUCAR
567,CAÑA DE AZUCAR
568,CAÑA DE AZUCAR
569,CAÑA DE AZUCAR
570,CAÑA DE AZUCAR
571,CAÑA DE AZUCAR
572,CAÑA DE AZUCAR
573,CAÑA DE AZUCAR
574,CAÑA DE AZUCAR
575,MONTE
575,YERBA MATE
575,CAPUERA
575,TE
576,YERBA MATE
577,CAÑA DE AZUCAR
578,CAÑA DE AZUCAR
579,CAÑA DE AZUCAR
580,CAÑA DE AZUCAR
581,CAÑA DE AZUCAR
582,CAÑA DE AZUCAR
583,CAÑA DE AZUCAR
584,CAÑA DE AZUCAR
585,CAÑA DE AZUCAR
586,CAÑA DE AZUCAR
587,CAÑA DE AZUCAR
588,YERBA MATE
589,CAÑA DE AZUCAR
590,CAÑA DE AZUCAR
591,CAÑA DE AZUCAR
592,CAÑA DE AZUCAR
593,CAÑA DE AZUCAR
594,CAÑA DE AZUCAR
595,CAÑA DE AZUCAR
596,CAÑA DE AZUCAR
597,CAÑA DE AZUCAR
598,CAÑA DE AZUCAR
599,CAÑA DE AZUCAR
600,YERBA MATE
601,CAÑA DE AZUCAR
602,CAÑA DE AZUCAR
603,CAÑA DE AZUCAR
604,CAÑA DE AZUCAR
605,YERBA MATE
606,CAÑA DE AZUCAR
607,CAÑA DE AZUCAR
608,CAÑA DE AZUCAR
609,CAÑA DE AZUCAR
610,CAÑA DE AZUCAR
611,CAÑA DE AZUCAR
612,CAÑA DE AZUCAR
613,CAÑA DE AZUCAR
614,CAÑA DE AZUCAR
615,CAÑA DE AZUCAR
616,POROTO SABLE
616,STEVIA
616,YERBA MATE
617,CAÑA DE AZUCAR
618,CAÑA DE AZUCAR
619,CAÑA DE AZUCAR
620,CAÑA DE AZUCAR
621,CAÑA DE AZUCAR
622,CAÑA DE AZUCAR
623,CAÑA DE AZUCAR
624,CAÑA DE AZUCAR
625,CAÑA DE AZUCAR
626,CAÑA DE AZUCAR
627,CAÑA DE AZUCAR
629,CAÑA DE AZUCAR
630,CAÑA DE AZUCAR
631,CAÑA DE AZUCAR
632,CAÑA DE AZUCAR
633,CAÑA DE AZUCAR
634,CAÑA DE AZUCAR
635,CAÑA DE AZUCAR
636,CAÑA DE AZUCAR
637,YERBA MATE
637,STEVIA
637,ANANA
637,MANDARINA
638,CAÑA DE AZUCAR
639,CAÑA DE AZUCAR
640,CAÑA DE AZUCAR
641,CAÑA DE AZUCAR
642,VAQUILLONAS
642,TERNEROS
642,TOROS
642,VACAS
643,CAÑA DE AZUCAR
644,MANZANA
644,PERA
645,CIRUELA
645,DURAZNO
646,MANZANA
646,PERA
647,MANZANA
647,PERA
648,MANZANA
648,VIVERO
649,MANZANA
649,PERA
650,PERA
650,MANZANA
650,CIRUELA
651,MANZANA
651,PERA
651,CIRUELA
652,MANZANA
652,PERA
652,CIRUELA
653,MANZANAS
653,PERAS
654,MANZANA
654,PERA
655,MANZANA
656,PERA
657,MANZANA
657,PERA
658,MANZANA
658,PERA
659,MANZANA
659,PERA
660,MANZANA
660,PERA
661,MANZANA
661,PERA
662,MANZANA
663,MANZANA
663,PERA
664,MANZANA
664,PERA
665,MANZANA
665,PERA
666,PERA
667,PERA
668,MANZANA
668,PERA
669,MANZANA
669,PERA
670,MANZANA
670,PERA
671,PERA
672,MANZANA
672,PERA
673,MANZANA
673,PERA
674,MANZANA
674,PERA
675,MANZANA
675,PERA
675,CEREZA
675,VIVERO
676,MANZANA
676,PERA
677,MANZANA
677,PERA
678,MANZANA
678,PERA
679,PERA
680,MANZANA
680,PERA
681,MANZANA
681,PERA
682,MANZANA
682,PERA
682,CEREZA
682,DURAZNO
682,DAMASCO
683,MANZANA
683,PERA
683,CIRUELA
684,MANZANA
685,PERA
686,MANZANA
686,PERA
687,MANZANAS
687,PERAS
688,MANZANA
688,PERA
689,PERA
690,MANZANA
690,PERA
691,MANZANA
691,PERA
692,MANZANA
692,PERA
692,CALENDULA
693,MANZANA
693,PERA
694,PERA
694,MANZANA
694,CIRUELA
695,MANZANA
695,PERA
696,MANZANA
696,PERA
697,PERA
697,CIRUELA
698,VACAS
698,LECHE
698,VAQUILLONAS
698,NOVILLOS
698,TERNERAS
698,TERNEROS
698,TOROS
699,CEREZA
700,PERA
700,MANZANA
701,PERA
701,MANZANA
702,PERA
702,MANZANA
703,CERELAES
703,OELAGINOSAS
703,MEGAFARDOS DE ALFALFA.
704,PERA
704,MANZANA
705,PERA
705,MANZANA
705,PELON
705,DURAZNO
706,MANZANAS
706,PERAS
707,PERA
707,MANZANA
708,MANZANA
709,MANZANA
709,PERA
710,MANZANAS
711,MANZANAS
711,PERAS
712,VID
713,VID
714,VID
715,VID
716,VID
717,VID
718,MANZANA
718,PERA
719,VACAS
719,VAQUILLONAS
719,TOROS
720,PERA
721,PERA
722,MANZANA
722,PERA
723,GANADERIA BOVINA
723,GANADERIA OVINA (CARNE
723,LANA)
724,MANZANAS
724,PERAS
725,MANZANAS
725,PERAS
726,MANZANAS
726,PERAS
727,MANZANAS
727,PERAS
728,MANZANAS
728,PERAS
729,MANZANAS
729,PERAS
730,PERA
730,MANZANA
731,MANZANAS
731,PERAS
732,MANZANAS
732,PERAS
733,MANZANA
733,PERA
734,MANZANA
734,PERA
734,CIRUELA
734,PELON
735,PERA
735,MANZANA
736,PERA
736,MANZANA
736,VID
737,MANZANAS
737,PERAS
738,MANZANA
738,PERA
739,PERA
740,PERA
741,MANZANA
741,PERA
742,PERAS
742,MANZANAS
743,PERAS
743,MANZANAS
744,PERAS
744,MANZANAS
745,PERAS
745,MANZANAS
746,PERAS
746,MANZANAS
747,PERAS
747,MANZANAS
748,PERAS
748,MANZANAS
749,PERA
749,MANZANA
749,DURAZNO
750,PERA
751,MANZANA
751,PERA
752,MANZANA
752,PERA
753,MANZANAS
753,PERAS
754,MANZANA
754,PERA
755,PERA
755,MANZANA
755,INCULTO
756,PERA
756,MANZANA
757,PERA
757,MANZANA
758,MANZANA
758,PERA
759,FRAMBUESA
759,DESCANSO
759,ARANDANO
759,ZARZAMORA
759,MONTE
759,INCULTO
759,CEREZA
759,CORINTO
759,CASSIS
759,GROSELLA
759,MEMBRILLO
760,MANZANA
760,PERA
761,MANZANA
761,PERA
762,PERA
762,MANZANA
762,MEMBRILLO
762,INCULTO
762,DAMASCO
762,CIRUELA
762,AVELLANAS
762,ALMENDRAS
762,DURAZNO
762,CEREZA
763,MANZANA
763,PERA
764,PERAS
764,MANZANAS.
765,PERAS
765,MANZANAS.
766,MANZANA
767,PERA
768,PERA
769,MANZANA
769,PERA
770,BORREGAS
770,OVEJAS
770,BORREGOS
770,CARNEROS
770,CAPONES
771,MANZANA
771,PERA
771,NOGAL
772,MANZANAS
772,PERAS
773,MANZANA
773,PERA
773,CIRUELA
774,MANZANA
774,PERA
775,MANZANA
775,PERA
776,MANZANA
776,PERA
777,MANZANA
777,PERA
778,MANZANA
778,PERA
779,PERAS
780,MANZANAS
780,PERAS
781,MANZANA
781,PERA
782,PERA
783,MANZANA
783,PERA
785,MANZANA
785,PERA
786,MANZANA
786,PERA
787,MANZANA
787,PERA
788,MANZANA
788,PERA
789,MANZANA
789,PERA
790,MANZANAS
791,MANZANAS
791,PERAS
792,MANZANA
792,PERA
793,MANZANA
793,PERA
794,MANZANA
794,PERA
795,MANZANA
795,PERA
796,MANZANA
796,PERA
797,MANZANAS
797,PERAS
798,MANZANA
798,PERA
798,DURAZNO
799,MANZANAS
799,PERAS
800,PERAS
801,PERAS
801,MANZANAS
802,MANZANA
802,PERA
803,MANZANA
803,PERA
804,MANZANA
804,PERA
804,PELON
805,MANZANA
805,PERA
806,MANZANA
806,PERA
807,NUECES
807,NUEZ SECA PELADA
807,NUEZ SECA CON CASCARA
808,NUECES
808,NUEZ SECA PELADA
808,NUEZ SECA CON CASCARA
809,MANZANA
809,PERA
810,MANZANA
810,PERA
811,PERAS
812,PERAS
813,MANZANA
813,PERA
814,MANZANAS
814,PERAS
815,MANZANAS
815,PERAS
816,LANA SUCIA
816,OVEJAS
816,BORREGOS
816,BORREGAS
816,CAPONES
816,CORDEROS
816,CARNEROS
817,MANZANAS
817,PERAS
818,MANZANAS
818,PERAS
819,PERA
819,MANZANA
819,CEREZA
820,MANZANA
820,PERA
821,MANZANA
821,PERA
822,MANZANA
822,PERA
823,MANZANA
823,PERA
824,MANZANAS
824,PERAS
825,MANZANAS
825,PERAS
826,MANZANA
826,PERA
827,UVAS
828,MANZANA
828,PERA
828,DURAZNO
829,MANZANZA
829,PERA
829,DURAZNO
829,CIRUELA
830,PERAS
831,MANZANA
831,PERA
832,MANZANA
832,PERA
833,MANZANA
833,PERA
834,MANZANA
834,PERA
835,CHIA (SALVIA HISPANICA L)
835,SOJA
835,POROTO
836,CEREALES
836,OLEAGINOSAS
836,LEGUMINOSAS
837,AROMATICAS
837,PASTOS NATURALES E IMPLANTADOS
838,SESAMO
838,CHIA (SALVIA HISPANICA L)
839,VID
840,CHIA (SALVIA HISPANICA L)
840,MAIZ PISINGALLO
840,CAMPO NATURAL
841,DESCANSO
841,CAÑA DE AZUCAR
842,CHIA (SALVIA HISPANICA L.)
843,DESCANSO
844,DESCANSO
845,QUINOA
845,CHIA (SALVIA HISPANICA L)
845,SESAMO
845,SORGO
846,SESAMO
846,CHIA
847,CAÑA DE AZUCAR
847,INCULTO
848,CAÑA DE AZUCAR
848,INCULTO
848,MONTE
849,CAÑA DE AZUCAR
849,MONTE
850,BOVINOS
850,NUECES
851,CAÑA DE AZUCAR
851,DESCANSO
851,MONTE
852,CAÑA DE AZUCAR
852,INCULTO
853,CAMPO INCULTO
854,INCULTO
855,CHIA (SALVIA HISPANICA L.)
856,CHIA (SALVIA HISPANICA L.)
857,CHIA (SALVIA HISPANICA L)
858,CHIA (SALVIA HISPANICA L)
858,POROTO
858,CAPUERA
859,ALFALFA
860,VID
861,INCULTO
862,POROTO NEGRO
862,DESCANSO
863,CAÑA DE AZUCAR
863,MONTE
864,VID
865,CHIA
866,CHIA
867,CHIA
868,MAIZ
869,UVAS
869,QUINOA
870,ZAPALLO
871,ESPARRAGO
871,ZAPALLO ANCO
871,ALAMO
872,VID
873,VID
874,AJO
874,CAMPO NATURAL
874,ZAPALLO
875,UVA DE MESA
875,INCULTO
875,PASAS DE UVA
876,UVA DE MESA
876,PASAS DE UVA
877,UVA
877,INCULTO
877,PASAS DE UVA
877,CAMPO NATURAL
878,VID
879,MOSTAZA
879,MEMBRILLO
879,ZAPALLO
879,MENTA
879,SALVIA
879,MELISA
879,AJENJO
879,CIBOULETTE
879,CEDRON
879,ROMERO
879,AZAFRAN
879,AJI
879,OREGANO
879,LAVANDA
879,NOGAL
879,MATICO
879,ESTRAGON
879,TOMATE
879,ALFALFA
879,MONTE
879,INCULTO
880,VID
880,OLIVOS
881,VID
881,OLIVOS
882,VID
883,OLIVOS
884,VID
885,VID
885,MELON
886,AJO
887,UVA
887,VID
887,ACEITUNAS
887,MANZANA
887,PERA
887,ALMENDRAS
887,NUEZ
887,CIRUELA
887,DURAZNO
887,DAMASCO
887,HIGOS
887,POMELO
887,LIMON
887,MANDARINA
887,NARANJA
887,LIMA
887,ACELGA
887,INCULTO
887,MEMBRILLO
887,CEREZA
887,AVELLANAS
887,BROCOLI
887,ESPINACA
887,LECHUGA
887,REMOLACHA
887,MONTE
888,VID
889,ZAPALLO
889,ESPARRAGOS
890,ESPARRAGOS
891,ESPARRAGOS
891,BROCOLI
891,REPOLLO
892,ESPARRAGOS
892,BROCOLI
892,REPOLLO
893,ESPARRAGOS
893,ALCAUCIL
894,ESPARRAGOS
895,ESPARRAGOS
895,INCULTO
896,VID
897,VID
897,DURAZNO
897,TOMATE PERITA
898,VID
899,VID
900,VID
900,PASAS DE UVA
900,PISTACHO
900,OLIVO
900,CAMPO NATURAL
901,VID
902,VID
903,PASTURA NATURAL
904,VACAS
904,TERNERAS
904,TERNEROS
904,TOROS
904,VAQUILLONAS
905,OREGANO
905,TOMILLO
905,ROMERO
905,LAVANDA
905,MENTA
905,MAIZ
905,ZAPALLO ANCO
906,ALFALFA
907,ZAPALLO
907,FRAMBUESA
907,MONTE
907,AJO
907,CEBOLLA
907,INCULTO
908,SIN PROD.
909,LANA SUCIA
909,OVEJAS
909,BORREGOS
909,BORREGAS
909,CAPONES
909,CARNEROS
910,GANADERIA OVINA (CARNE
910,LANA)
911,GANADERIA BOVINA
911,GANADERIA OVINA (CARNE
911,LANA)
912,LANA SUCIA
912,OVEJAS
912,CORDEROS
912,BORREGAS
912,CARNEROS
913,OVEJAS
913,CAPONES
913,BORREGOS
913,CARNEROS
914,GANADERIA OVINA (CARNE
914,LANA)
915,TRUCHA ARCO IRIS
916,VAQUILLONAS
916,VACAS
916,TERNEROS
917,OVEJAS
917,BORREGAS
917,BORREGOS
917,CAPONES
917,CARNEROS
918,LANA SUCIA
918,OVEJAS
918,CARNEROS
918,BORREGOS
918,BORREGAS
918,CAPONES
919,OVEJAS
919,LANA SUCIA
919,BORREGOS
919,BORREGAS
919,CARNEROS
920,LANA SUCIA
920,OVEJAS
920,CAPONES
920,BORREGOS
920,BORREGAS
920,CARNEROS
921,OVEJAS
921,LANA SUCIA
921,BORREGAS
921,BORREGOS
921,CARNEROS
921,CAPONES
922,OVEJAS
922,BORREGAS
922,CAPONES
922,CARNEROS
923,TRIGO
923,SORGO
924,GIRASOL
924,SOJA
924,TRIGO
924,MAIZ PISINGALLO
925,HIGOS
925,GRANADAS
925,PALTAS
926,MIEL
926,SUBPRODUCTOS DE LA COLMENA
927,MIEL
928,MIEL
929,TRIGO
929,SOJA
930,BOVINOS
931,BOVINOS
932,PASTOS NATURALES
933,FRUTICULTURA
933,HORTICULTURA
933,AROMATICAS
933,MEDICINALES; DULCES
934,MIEL
934,SUBPRODUCTOS DE LA COLMENA
935,MIEL
936,MIEL
936,EXTRACCION
936,FRACCIONAMIENTO DE MIEL
937,MIEL
938,CEREALES
938,OLEAGINOSAS.
939,HORTALIZAS DE HOJA
939,RAIZ
939,FRUTO
939,CONGELADO DE FRUTILLAS
940,CEREALES
940,OLEAGINOSAS
940,LEGUMINOSAS
941,MIEL
941,SUBPRODUCTOS DE LA COLMENA
942,MIEL
942,SUBPRODUCTOS DE LA COLMENA
943,MIEL
943,SUBPRODUCTOS DE LA COLMENA
944,MIEL
944,SUBPRODUCTOS DE LA COLMENA
945,HORTALIZAS DE HOJAS
945,FRUTOS
945,AROMATICAS
946,MIEL
946,SUBPRODUCTOS DE LA COLMENA
947,CHIA
948,MIEL
948,SUBPRODUCTOS DE LA COLMENA
949,ARANDANO
950,INCULTO
950,ARANDANO
951,ARANDANO
951,FRUTILLA
952,ARANDANO
952,INCULTO
952,FRAMBUESA
953,ARANDANO
953,MORA
954,ARANDANO
954,INCULTO
955,ARANDANO
956,ARANDANO
956,INCULTO
956,MONTE
957,CHIA (SALVIA HISPANICA L)
957,POROTO NEGRO
957,GARBANZO
958,LIMON
959,ARANDANO
959,INCULTO
960,INCULTO
960,ARANDANO
961,ARANDANO
961,FRUTILLA
961,INCULTO
962,CHIA (SALVIA HISPANICA L.)
963,LIMON
964,CHIA (SALVIA HISPANICA L)
964,FRUTILLA
964,INCULTO
965,ARANDANO
965,INCULTO
965,PASTIZAL NATURAL
966,PALTA
966,LIMON
966,NARANJA
966,MANDARINA
966,INCULTO
967,CHIA
968,ARANDANO
968,INCULTO
969,VACAS
969,TOROS
969,VAQUILLONAS
969,TERNERAS
969,NOVILLOS
970,VACAS
970,TERNEROS
970,TERNERAS
970,VAQUILLONAS
970,TOROS
971,VACAS
971,TOROS
971,TERNEROS
971,VAQUILLONAS
972,MEJILLON
973,EMULSION CORPORAL SUAVIZANTE
973,EMULSION CORPORAL NUTRITIVA
973,EMULSION CORPORAL ANTIAGE
973,CREMA FACIAL ANTIAGE
973,CREMA FACIAL DIURNA
973,CREMA FACIAL NOCTURNA NUTRITIVA
973,SERUM CONTORNO DE OJOS
973,SERUM CONTORNO DE LABIOS
973,TONICO FACIAL
973,ACEITE DE LIMPIEZA
974,MIEL
975,PAPILLA PARA BEBE
976,MIEL
977,CHIA (SALVIA HISPANICA L)
978,NUEZ PECAN
979,ACOPIO DE CEREALES
979,OLEAGINOSAS
980,ACEITE DE GIRASOL
980,ACEITE DE COLZA
980,EXPELLER DE GIRASOL
980,EXPELLER DE COLZA
980,HARINA DE COLZA
981,SOJA
981,GIRASOL
981,HARINA SOJA
981,HARINA GIRASOL
981,ACEITE DE SOJA
981,ACEITE DE GIRASOL
981,COLZA
981,HARINA DE COLZA
981,ACEITE DE COLZA
981,GARBANZO
982,CHIA
982,ARROZ
982,TORTA DE SOJA
982,MAIZ
982,TRIGO
982,GIRASOL
982,CARTAMO
982,HARINA DE SOJA
982,HARINA DE GIRASOL 
982,ACEITE DE SOJA
982,AVENA
982,SORGO
982,CEBADA
982,LINO
982,CENTENO
982,MIJO
982,ACEITE DE GIRASOL
983,CEREALES
983,OLEAGINOSAS
984,ACEITE DE OLIVA
985,FRUTAS
985,FRUTAS IQF
986,FRUTAS
986,HORTALIZAS.
987,YERBA MATE
988,MIEL
988,SUBPRODUCTOS DE LA COLMENA.
989,AZUCAR DE CAÑA
990,ACEITE DE GIRASOL
990,HARINA DE TRIGO
991,YERBA MATE
991,TE
992,MIEL
992,CERA
993,TURRON
993,GARRAPIÑADA
993,CARAMELOS
993,CHUPETINES
993,MIEL
994,TRIGO
995,KIWIS
996,LINO
996,MIJO
996,SOJA
996,ARROZ
996,GIRASOL
996,AVENA ARROLLADA
997,QUESO
997,QUESO SABORIZADO
998,TRIGO
999,ALIMENTO BALANCEADO
1000,FRUTAS
1000,HORTALIZAS FRESCAS
1000,DULCES
1001,AZUCAR DE CAÑA
1002,AZUCAR DE CAÑA
1003,MERMELADA DE KIWI
1003,JUGO DE KIWI
1003,JUGO DE FRAMBUESA
1003,JUGO DE DURAZNO
1003,JUGO DE CIRUELA
1003,JUGO DE PERA
1003,JUGO DE ARANDANO
1003,PULPA DE KIWI
1003,PULPA DE FRAMBUESA
1003,PULPA DE DURAZNO
1003,PULPA DE CIRUELA
1003,PULPA DE PERA
1003,PULPA DE ARANDANO
1004,CHUFA
1005,SOJA
1005,MAIZ
1005,MAIZ PISINGALLO
1005,GIRASOL
1005,TRIGO
1005,SORGO
1005,ARVEJA
1005,CEBADA
1005,LINO
1006,AZUCAR INTEGRAL DE CAÑA
1006,ACEITE DE OLIVA
1006,HARINA INTEGRAL (SUPER FINA
1006,FINA
1006,GRUESA)
1006,YERBA MATE (SUAVE
1006,FUERTE
1006,COMPUESTA
1006,SIN PALO
1006,CON PALO)
1006,HARINA DE SOJA
1006,HARINA DE SOJA TOSTADA
1006,POROTO DE SOJA
1006,SEMILLAS DE LINO
1006,TRIGO PAN
1006,HARINA DE MAIZ
1006,TE VERDE (SAQUITOS
1006,HEBRAS)
1006,SEMITA DE MAIZ
1006,MAIZ PISINGALLO
1006, ACEITUNAS VERDES
1006,ACEITUNAS NEGRAS
1006,TE NEGRO (SAQUITOS
1006,HEBRAS)
1006, MIX PARA MILANESA DE SOJA
1006,REBOZADOR
1006,TE DE ROSA MOSQUETA (SAQUITOS).
1007,TE ROJO
1007,TE DE ROSA MOSQUETA
1007,YERBA MATE
1008,HIERBAS AROMATICAS
1008,AJEDREA
1008,SALVIA
1008,MELISA
1008,ROMERO
1008,OREGANO
1008,TOMILLO
1008,MENTA
1008,YERBA MATE
1008,ESTRAGON
1008,LAVANDA
1008,LAVANDIN
1008,MEZCLA PARA AVES
1008,CARNES
1008,PESCADOS
1008,MEZCLA DE HIERBAS PARA INFUSION
1008,TE VERDE CON MENTA
1008,CEDRON
1008,HISOPO
1008,HOJA DE PARRA
1008,CHIA
1008,TILO
1009,GALLETA DE ARROZ
1009,REBOZADOR DE ARROZ
1009,HARINA DE ARROZ
1009,ARROZ
1009,MAIZ
1009,LINO
1009,GIRASOL
1010,SORGO
1010,LINO
1010,SOJA
1010,MAIZ
1010,MAIZ PISINGALLO
1010,GIRASOL
1010,COLZA CANOLA
1010,ACEITE DE SOJA
1010,ACEITE DE GIRASOL
1010,EXPELLER DE GIRASOL
1010,ACEITE DE COLZA CANOLA
1010,EXPELLER DE COLZA CANOLA
1010,ACEITE DE CARTAMO
1010,EXPELLER DE CARTAMO
1011,MIEL
1011,CERA
1012,CEREALES
1012,OLEAGINOSAS.
1013,MIEL
1013,SUBPRODUCTOS DE LA COLMENA.
1014,CHIA (SALVIA HISPANICA L.)
1014,ACEITE DE CHIA
1015,AJO NEGRO
1016,CHIA (SALVIA HISPANICA L.)
1016,SESAMO
1017,KIWIS
1018,ACEITE DE GIRASOL
1018,EXPELLER DE GIRASOL
1018,ACEITE DE CANOLA
1018,ACEITE DE SOJA
1018,EXPELLER DE SOJA
1018,GIRASOL
1018,CANOLA
1018,EXPELLER DE CANOLA
1018,SORGO
1018,TRIGO
1018,MAIZ PISINGALLO
1018,MAIZ
1018,SOJA
1019,MAIZ
1019,GIRASOL
1019,SOJA
1019,CANOLA
1020,GIRASOL
1020,SOJA
1020,MAIZ
1020,CANOLA
1021,TOFU
1022,MIEL.
1023,MENTA
1023,TE
1024,ALCOHOL
1025,AVENA ARROLLADA
1026,CEBADA
1027,MIEL.
1028,GIRASOL
1028,SOJA
1028,MAIZ
1028,MAIZ PISINGALLO
1028,CANOLA
1029,MAIZ
1029,MAIZ PISINGALLO
1029,SOJA
1029,GIRASOL
1029,CANOLA
1029,TRIGO
1029,CEBADA
1030,MAIZ
1030,SOJA
1030,GIRASOL
1030,TRIGO
1030,CEBADA
1030,CANOLA
1031,ACEITE DE SOJA
1031,ACEITE DE GIRASOL
1031,ACEITES DE COLZA
1031,HARINA DE SOJA
1031, EXPELLER DE GIRASOL
1031,EXPELLER DE CANOLA
1032,HARINA DE MAIZ
1032,HOMINY GRITS
1032,MAIZ PISINGALLO
1032,SEMOLA DE MAIZ
1032,SEMITA DE MAIZ
1032,HARINA ZOOTECNICA
1033,ARROZ
1033,TRIGO
1033,HORTALIZAS
1033,SOJA
1033,SALSA DE SOJA
1033,PASTA DE SOJA
1033,QUESO DE SOJA
1034,GIRASOL ALTO OLEICO
1034,SOJA
1034,MAIZ
1034,GIRASOL
1034,CANOLA
1034,GARBANZO
1035,SEMILLAS
1035,HARINAS
1035,ACEITES
1036,ARANDANO
1036,FRAMBUESA
1036,ZAPALLO
1037,HORTALIZAS.
1038,LINO
1038,CHIA (SALVIA HISPANICA L.)
1039,MIEL
1040,VINO
1041,ACEITE DE GIRASOL ALTO OLEICO
1042,VINO
1043,ACEITE DE OLIVA
1044,ACEITE DE OLIVA
1045,ACEITE ESENCIAL DE GERANIO
1045,ACEITE ESENCIAL DE OREGANO
1045,ACEITE ESENCIAL DE LEMONGRASS
1046,ACEITE DE OLIVA
1047,MANI.
1048,MANI.
1049,ESPARRAGOS
1050,MANI.
1051,MANI
1051,MANI CONFITERIA
1051,MANI FRITO SALADO
1051,MANI TOSTADO
1051,PASTA DE MANI
1051,HARINA DE MANI
1051,ACEITE DE MANI
1052,MANI.
1053,ACEITUNAS
1053,ACEITE DE OLIVA
1054,SOJA
1054,MANI
1054,ACEITE DE SOJA
1054,ACEITE DE MANI
1054,EXPELLER DE SOJA
1054,HARINA DE MANI
1055,MANI
1055,SOJA.
1056,MANI
1056,SOJA.
1057,MIEL
1057,CERA
1058,YERBA MATE
1058,YERBA MATE SABORIZADA
1059,ARROZ
1060,ARROZ
1061,JUGO CONCENTRADO CONGELADO DE NARANJA
1061,JUGO CONCENTRADO CONGELADO DE MANDARINA
1061,JUGO CONCENTRADO CONGELADO DE POMELO
1061,JUGO CONCENTRADO CONGELADO DE LIMON
1061,JUGO PASTEURIZADO CONGELADO DE NARANJA
1061,JUGO PASTEURIZADO CONGELADO DE MANDARINA
1061,JUGO PASTEURIZADO CONGELADO DE POMELO
1061,JUGO PASTEURIZADO CONGELADO DE LIMON
1061,ACEITE ESENCIAL DE NARANJA
1061,ACEITE ESENCIAL DE MANDARINA
1061,ACEITE ESENCIAL DE POMELO
1061,ACEITE ESENCIAL DE LIMON
1061,SEMILLAS DE LIMON
1061,SEMILLAS DE POMELO
1062,MIEL
1063,MIEL
1063,CERA
1064,ROSA MOSQUETA
1064,CASCARILLA DE ROSA MOSQUETA
1064,ACEITE DE ROSA MOSQUETA
1065,CONFITURAS
1065,FRUTAS AL NATURAL (FRAMBUESAS
1065,FRUTILLAS
1065,CASSIS
1065,SAUCO
1065,CEREZAS
1065,ROSA MOSQUETA
1065,MORA
1065,ARANDANOS
1065,FRUTOS DEL BOSQUE)
1066,LANA SUCIA
1067,BLOUSSE (PUNCHAS)
1067,LANA PEINADA
1067,LANA LAVADA
1068,ACEITE DE PARAMELA
1069,LANA SUCIA
1069,LANA LAVADA
1069,TOPS DE LANA
1070,TOPS DE LANA
1070,LANA LAVADA
1071,ELAB ACEITE ROSA MOSQUETA
1072,ELAB ACEITE ROSA MOSQUETA
1073,ALGAS MARINAS
1073,EXTRACTO DE ALGAS LIOFILIZADO
1074,EXTRACTO DE ALGAS LIOFILIZADO
1075,LANA SUCIA
1076,MIEL
1076,EXTRACCION DE MIEL
1076,ESTAMPADO DE CERA
1077,MIEL
1078,ARROZ.
1079,ARROZ BLANCO PULIDO
1080,JUGO CONCENTRADO CONGELADO DE LIMON
1080,JUGO CONCENTRADO CONGELADO DE MANDARINA
1080,JUGO CONCENTRADO CONGELADO DE NARANJA
1080,JUGO CONCENTRADO CONGELADO DE POMELO
1080,JUGO PASTEURIZADO CONGELADO DE LIMON
1080,JUGO PASTEURIZADO CONGELADO DE MANDARINA
1080,JUGO PASTEURIZADO CONGELADO DE NARANJA
1080,JUGO PASTEURIZADO CONGELADO DE POMELO
1080,ACEITE ESENCIAL DE LIMON
1080,ACEITE ESENCIAL DE MANDARINA
1080,ACEITE ESENCIAL DE NARANJA
1080,ACEITE ESENCIAL DE POMELO
1080,FASE OLEOSA DE LIMON
1080,FASE OLEOSA DE MANDARINA
1080,FASE OLEOSA DE NARANJA
1080,FASE OLEOSA DE POMELO
1081,ARROZ INTEGRAL
1081,BLANCO PULIDO
1081,PARTIDO 
1081, ACOPIO DE MAIZ
1081,SORGO
1081,MIJO
1081,LINO
1082,CHIA
1082,TRIGO
1082,LINO
1082,ARROZ
1082,SORGO
1083,SORGO
1083,GIRASOL
1083,MIJO
1083,LINO
1083,ARROZ
1083,TRIGO
1083,HARINA
1083,SEMOLA DE ARROZ
1084,ARROZ
1085,MANDARINA
1085,LIMON
1085,NARANJA
1085,DURAZNO
1085,CIRUELA
1085,AJO
1085,POMELO
1085,SANDIA
1085,ZAPALLO
1086,ACEITE ESENCIAL DE LIMON
1086,JUGO CONCENTRADO DE LIMON
1086,PULPA CONGELADA DE LIMON
1086,ACEITE DE MANDARINA
1086,JUGO CONCENTRADO DE MANDARINA
1086,ACEITE ESENCIAL DE POMELO
1086,ACEITE ESENCIAL DE NARANJA
1086,JUGO CONCENTRADO DE NARANJA
1086,PULPA CONGELADA DE NARANJA
1086,JUGO CONCENTRADO CONGELADO DE POMELO
1086,PULPA CONGELADA DE POMELO
1086,PULPA CONCENTRADA DE MANDARINA
1087,AZUCAR DE CAÑA
1088,AZUCAR DE CAÑA
1089,CHIA
1090,SEMILLA DE JOJOBA
1090,ACEITE DE JOJOBA
1091,ACEITUNAS
1092,ACEITE DE OLIVA
1093,VINO
1093,ACEITE DE OLIVA
1094,ACEITE DE OLIVA
1095,ACEITE DE JOJOBA
1096,UVA PASA
1097,ACEITE DE JOJOBA
1097,ACEITE DE CHIA
1098,ACEITE DE OLIVA
1098,ACEITE DE OLIVA SABORIZADO
1099,PASAS DE UVA
1100,UVA PASA
1101,UVA PASA
1102,UVA PASA
1103,OLIVA
1104,VINO
1105,PULPA DE MANZANA
1105,PURE DE MANZANA
1105,PULPA DE PERA
1105,PURE DE PERA
1106,VINO
1107,MANZANA
1108,AJO
1108,ZAPALLO
1109,PULPA DE PERA
1109,PULPA CONCENTRADA DE PERA
1109,PULPA DE MANZANA
1109,PULPA CONCENTRADA DE MANZANA
1109,PULPA DE DURAZNO
1109,PULPA CONCENTRADA DE DURAZNO
1109,PULPA DE DAMASCO
1109,PULPA CONCENTRADA DE DAMASCO
1109,PULPA DE ZAPALLO
1109,PULPA DE ZANAHORIA
1109,PURE DE PERA CONCENTRADO
1109,PURE DE PERA
1109,PURE DE MANZANA
1109,PURE DE MANZANA CONCENTRADO
1109,PURE DE DURAZNO
1109,PURE DE DURAZNO CONCENTRADO
1109,PURE DE DAMASCO
1109,PURE DE DAMASCO CONCENTRADO
1109,PURE DE ZAPALLO
1109,PURE DE ZANAHORIA
1109,PURE DE BATATA
1110,AJO
1111,AJO NEGRO
1112,VINO
1113,VINO
1114,ZAPALLO
1114,AJO
1115,VINO
1116,VINO
1117,VINO 
1117, PINOT GRIS
1117,MALBEC 2015
1118,VINO
1119,VINO
1120,VINO
1121,VINO
1122,VINO
1123,AJO
1124,VINO
1125,CIRUELAS SECAS
1126,VINO
1127,ACEITE DE OLIVA
1128,VINO
1129,VINO
1130,VINO
1131,VINO
1132,VINO
1133,PULPA DE PERA
1133,PULPA DE MANZANA
1133,PULPA DE DAMASCO
1133,PULPA DE DURAZNO
1133,PULPA DE ZAPALLO
1133,PURE DE BATATA
1133,PULPA DE ZANAHORIA
1134,VINO
1135,VINO
1136,VINO
1137,VINO
1138,VINO
1139,VINO
1140,PURE DE MANZANA
1140,PURE DE MANZANA CONCENTRADO
1140,PURE DE PERA
1140,PURE DE PERA CONCENTRADO
1140,PURE DE DAMASCO
1140,PURE DE DAMASCO CONCENTRADO
1140,PURE DE CIRUELA CONCENTRADO 
1141,VINO
1142,VINO
1143,VINO
1144,VINO
1145,JUGO DE UVA
1146,JUGO CONCENTRADO DE UVA
1147,VINOS
1147,ESPUMANTES
1148,VINO
1149,ACEITUNAS
1149,CIRUELAS
1149,DAMASCOS
1149,NUECES
1150,VINO
1151,VINO
1152,VINO
1153,HORTALIZAS.
1154,VINO
1155,VINO
1156,VINO
1156,MOSTO
1157,NUEZ
1158,VINO
1159,VINO
1160,ACEITE DE OLIVA
1161,VINO
1162,ACEITE DE OLVIA
1163,VINO
1163,JUGO DE UVA
1164,VINO
1165,CIRUELA DESECADA
1166,AJO
1167,VINO
1168,ESPARRAGOS
1169,VINO
1170,VINO
1171,AJO
1172,CIRUELA DESECADA
1173,VINO
1174,CIRUELAS DESECADAS
1175,VINO
1176,ACEITE DE OLIVA
1177,VINO
1178,JUGO DE UVA CONCENTRADO BLANCO
1179,VINO
1180,VINO
1180,UVAS
1180,ACEITUNAS
1181,YERBA MATE
1182,YERBA MATE
1182, TE NEGRO
1182,TE ROJO
1182,TE VERDE
1183,YERBA MATE
1183,TE
1184,YERBA MATE
1185,YERBA MATE CANCHADA
1185,MOLIDA ENVASADA
1186,MATE COCIDO
1186,YERBA MATE
1186,TE
1187,AZUCAR DE CAÑA
1188,YERBA MATE
1189,YERBA MATE
1190,YERBA MATE
1191,TE
1191,TE SABORIZADO
1191,YERBA MATE
1192,YERBA MATE
1193,YERBA MATE
1194,TE
1195,YERBA MATE
1196,CIRUELA
1196,DURAZNO
1196,PERA
1196,MANZANA
1197,MANZANAS
1197,PERAS
1198,CEREZAS
1199,PERA
1199,MANZANA
1200,PERA
1200,MANZANA
1201,PERA
1201,MANZANA
1202,PERA
1202,MANZANA
1203,JUGO CONCENTRADO DE MANZANA
1203,PERA
1203,AROMAS DE PERA
1203,MANZANA
1203,JUGO CONCENTRADO TURBIO DE PERA
1203,MANZANA
1203,PASTA DE PERA
1203,MANZANA
1204,AROMAS DE  MANZANA
1204,AROMAS DE PERA
1204,JUGO CONCENTRADO DE MANZANA
1204,JUGO CONCENTRADO DE PERA
1205,CEREZAS
1206,PERA
1206,MANZANA
1206,CIRUELA
1206,DURAZNO
1207,PERA
1207,CEREZA
1207,ZAPALLO
1207,MANZANA
1207,DURAZNO
1207,CIRUELA
1208,PERA
1208,MANZANA
1209,CEREZA
1210,PERA
1210,MANZANA
1210,CIRUELA
1211,MANZANAS
1211,PERAS
1212,MANZANAS
1212,PERAS
1213,ELAB ACEITE ROSA MOSQUETA
1214,ZAPALLO
1214,MANZANA
1214,PERA
1214,CIRUELA
1214,DURAZNO
1214,NECTARINAS 
1215,MANZANA
1215,PERA
1215,CIRUELA
1215,DURAZNO
1215,NECTARINAS
1216,PULPA
1216,JUGO DE MANZANA
1216, MANZANA DESHIDRATADA
1217,JUGO CONCENTRADO DE PERA
1217,JUGO CONCENTRADO DE MANZANA
1217,SIDRA
1218,PERA
1218,MANZANA
1219,JUGO CONCENTRADO DE PERA
1219,MANZANA
1220,PERAS
1220,MANZANAS
1221,PERA
1221,MANZANA
1222,MANZANAS
1222,PERAS
1223,PERAS
1223,MANZANAS
1224,MANZANAS
1224,PERAS
1225,PERA
1225,MANZANA
1225,CIRUELA
1225,DURAZNO 
1226,PERA
1226,MANZANA
1226,CIRUELA.
1227,PERA
1227,MANZANA
1227,CIRUELA
1227,DURAZNO
1228,PERA
1228,MANZANA
1228,CIRUELA 
1229,PERA
1230,PERA
1230,MANZANA
1230,CIRUELA
1230,DURAZNO
1230,ZAPALLO 
1231,PERA
1231,MANZANA
1231,CEREZA
1232,NUECES
1232,NUEZ SECA PELADA
1232,NUEZ SECA CON CASCARA
1233,NUECES
1233,NUEZ SECA PELADA
1233,NUEZ SECA CON CASCARA
1234,MANZANAS
1234,PERAS
1235,MANZANAS
1235,PERAS
1236,VINO
1237,CHIA (SALVIA HISPANICA L.)
1238,CHIA
1238,SESAMO
1239,CEREALES
1239,OLEAGINOSAS.
1240,VINO
1241,AZUCAR DE CAÑA
1241,ALCOHOL
1241,SYRUP
1241,MELAZA
1242,CHIA (SALVIA HISPANICA L)
1242,SESAMO
1243,UVA PASA
1244,PASAS DE UVA
1245,JUGO DE UVA
1246,JUGO CONCENTRADO DE UVA
1247,VINO
1248,AJO
1248,ZAPALLO
1249,MOSTO DE UVA
1250,VINO
1251,MOSTO CONCENTRADO DE UVA
1252,ZAPALLO
1252,ESPARRAGOS
1253,VINO
1253,VINO ESPUMANTE
1253,VINAGRE
1253,ACETO
1254,PASAS DE UVA
1255,UVA PASA
1256,ACEITE DE OLIVA
1257,JUGO CONCENTRADO DE UVA
1258,OREGANO
1258,TOMILLO
1258,ROMERO
1258,LAVANDA
1258,MENTA
1258,MAIZ
1258,ZAPALLO ANCO
1259,JUGO DE ALOE VERA
1259,JUGO DE ALOE VERA SABORIZADO
1259,GEL DE ALOE VERA
1260,PERAS CONGELADAS
1261,HIGOS
1261,GRANADAS
1261,PALTAS
1262,EXTRACCION
1262,FRACCIONAMIENTO DE MIEL
1263,FRUTICULTURA
1263,HORTICULTURA
1263,AROMATICAS
1263,MEDICINALES; DULCES
1264,MIEL
1264,EXTRACCION
1264,FRACCIONAMIENTO DE MIEL
1265,CORTES DE CARNE VACUNA ENFRIADA
1265,CORTES DE CARNE VACUNA CONGELADA
1266,SMOOTHIES
1266,JUGOS
1266,DULCES
1266,AROMATICAS
1266,AZUCAR
1266,FRUTAS
1266,PULPAS
1266,PASAS
1267,HORTALIZAS DE HOJA
1267,RAIZ
1267,FRUTO
1267,CONGELADO DE FRUTILLAS
1268,MIEL
1268,SUBPRODUCTOS DE LA COLMENA.
1269,ARANDANO
1270,JUGO
1270,ACEITE DE LIMON
1271,LIMON
1272,ARANDANO
1272,ARANDANO CONGELADO
1273,ARANDANO CONGELADO
1273,FRAMBUESA CONGELADA
1274,ARANDANO
1275,ARANDANO
1276,ARANDANO
1276,ARANDANO CONGELADO
1276,FRAMBUESA CONGELADA
1276,MORAS CONGELADAS
1277,CHIA (SALVIA HISPANICA L.)
1278,ARANDANO
1279,LIMON
1279,MANDARINA
1279,NARANJA
1279,PALTA
1280,FRUTILLA CONGELADA
1280,ARANDANO CONGELADO
1281,SESAMO
1281,POROTO
1281,CHIA (SALVIA HISPANICA L)
1282,CHIA (SALVIA HISPANICA L)
1282,POROTO
1282,GARBANZO
1283,ARANDANO
1284,ARANDANO
1285,MEJILLON
1286,VINO
1287,AZUCAR DE CAÑA
1287,CHIA (SALVIA HISPANICA L)
1287,POROTO
1287,AJO NEGRO
1287,MELAZA
1287,CEREALES
1288,TORTA DE SOJA
1288,CHIA
1288,HARINA DE COLZA
1288,ARROZ
1288,CENTENO
1288,LINO
1288,SORGO
1288,AVENA
1288, ACEITE DE GIRASOL
1288,ACEITE DE SOJA
1288,HARINA DE GIRASOL
1288,HARINA DE SOJA
1288,TRIGO
1288,GARBANZO
1288,SOJA
1288,GIRASOL
1288,HARINA DE SOJA
1288,COLZA
1288,ACEITE DE COLZA
1288,MAIZ
1288,CARTAMO
1288,CEBADA
1288,MIJO
1289,LANA LAVADA
1289,LANA SUCIA
1289,TOPS DE LANA
1289,BLOUSSE (PUNCHAS)
1290,MIEL
1291,YERBA MATE
1291,TE NEGRO 
1292,GIRASOL
1292,LINO
1292,MAIZ
1292,MAIZ PISINGALLO
1292,SOJA
1292,TRIGO
1292,GARBANZO
1293,CEREALES
1293,OLEAGINOSAS
1294,CHIA (SALVIA HISPANICA L.)
1295,LANA LAVADA
1295,LANA SUCIA
1295,TOPS DE LANA
1296,TRUCHAS A LAS FINAS HIERBAS
1296,PATE DE TRUCHA
1296,TRUCA AL AJI KITUCHO
1297,ACEITE DE JOJOBA
1298,CEREALES
1298,OLEAGINOSAS
1298,OTROS PRODUCTOS ORGANICOS.
1299,PULPA CONCENTRADA DE CIRUELA
1299,PURE DE PERA CONCENTRADO
1299,PURE DE DAMASCO CONCENTRADO
1299,PURE DE DAMASCO
1299,ZAPALLO
1299,PULPA DE DAMASCO
1299,ZANAHORIA
1299,PULPA CONCENTRADA DE DURAZNO
1299,PURE DE ZANAHORIA
1299,PURE DE DURAZNO
1299,PULPA DE MANZANA
1299,PULPA DE ZANAHORIA
1299,PULPA DE ZAPALLO
1299,MANZANA
1299,PULPA CONCENTRADA DE DAMASCO
1299,PURE DE MANZANA CONCENTRADO
1299,DURAZNO
1299,PULPA DE DURAZNO
1299,PERA
1299,PURE DE PERA
1299,PURE DE DURAZNO CONCENTRADO
1299,CIRUELA
1299,PULPA DE PERA
1299,BATATA
1299,DAMASCO
1299,PURE DE ZAPALLO
1299,PURE DE BATATA
1299,PULPA CONCENTRADA DE PERA
1299,PULPA DE CIRUELA
1299,PULPA CONCENTRADA DE MANZANA
1299,PURE DE MANZANA
1300,LANA SUCIA
1301,ACEITE DE JOJOBA
1302,ARROZ
1303,GRANOS
1304,GIRASOL
1304,SOJA
1304,MAIZ
1305,MIEL.
1306,MIEL.
1307,CHIA (SALVIA HISPANICA L)
1308,ARANDANO
1308,MANZANA
1308,PERA
1308,CEREZA
1308,ACEITE DE OLIVA
1308,ACEITUNAS
1308,CIRUELA
1309,FRUTILLA
1309,FRUTILLA CONGELADA
1309,ARANDANO
1309,ARANDANO CONGELADO
1310,ACEITE DE JOJOBA
1311,CHIA (SALVIA HISPANICA L.)
1312,CHIA
1313,CHOCOLATE
1314,PERA
1314,MANZANA
1315,ACEITE DE LIMPIEZA
1315,EMULSION CORPORAL ANTIAGE
1315,EMULSION CORPORAL NUTRITIVA
1315,EMULSION CORPORAL SUAVIZANTE
1315,CREMA FACIAL ANTIAGE
1315,CREMA FACIAL DIURNA
1315,CREMA FACIAL NOCTURNA NUTRITIVA
1315,SERUM CONTORNO DE LABIOS
1315,SERUM CONTORNO DE OJOS
1315,TONICO FACIAL
1316,GIRASOL
1316,ACEITE DE COLZA CANOLA
1316,ARROZ
1316,VINO
1316,MAIZ
1316,NUEZ
1316,ACEITE DE SOJA
1316,ACEITUNAS
1316,CHIA (SALVIA HISPANICA L.)
1316,CIRUELA
1316,ACEITE DE GIRASOL
1316,ACEITE DE OLIVA
1316,LINO
1316,PASAS DE UVA
1317,TRIGO
1317,SOJA
1317,MAIZ
1317,MAIZ PISINGALLO
1317,SORGO
1317,CANOLA
1317,GIRASOL
1317,ALCOHOL
1318,AJO
1318,CEBOLLA
1318,ZAPALLO
1319,TE
1320,CARNE VACUNA
1321,ARROZ
1321, LINO
1321,ACEITE DE OLIVA
1321,HARINA DE MAIZ
1321,MAIZ
1321,MIJO
1321,TRIGO
1321,CENTENO
1321,CIRUELA DESHIDRATADA CON CAROZO
1321,MANZANA DESHIDRATADA
1322,CIRUELA
1322,MANZANA
1322,PERA
1322,ARANDANO
1323,PERA
1323,MANZANA
1324,LANA SUCIA
1325,CEREALES
1325,OLEAGINOSAS
1325,OTROS PRODUCTOS ORGANICOS.
1326,EXPELLER DE GIRASOL
1326,GIRASOL
1326,ACEITE DE GIRASOL
1326,ACEITE DE CANOLA
1327,FRUTILLA CONGELADA
1327,ARANDANO CONGELADO
1327,FRAMBUESA CONGELADA
1327,MORAS CONGELADAS
1327,ESPARRAGO CONGELADOS
1328,CIRUELA DESHIDRATADA
1329,ARANDANO
1329,ARANDANO CONGELADO
1330,TRIGO
1331,ARANDANO
1331,ARANDANO CONGELADO
1332,ARANDANO
1332,ARANDANO CONGELADO
1333,PASAS DE  UVA
1334,YERBA MATE SUAVE
1334,YERBA MATE CON PALO
1334,YERBA MATE FUERTE
1334,YERBA MATE COMPUESTA
1334,YERBA MATE DESPALILLADA
1334,YERBA MATE EN SAQUITOS
1334,TE DE ROSA MOSQUETA EN SAQUITOS
1334,TE VERDE EN SAQUITOS
1334,TE VERDE EN HEBRAS
1334,TE NEGRO EN SAQUITOS
1334,TE NEGRO EN HEBRAS
1334,SEMILLAS DE LINO
1334,HARINA INTEGRAL SUPERFINA
1334,ACEITUNAS NEGRAS
1334,POROTOS DE SOJA
1334,AZUCAR INTEGRAL DE CAÑA
1334,REBOZADOR
1334,HARINA DE SOJA
1334,HARINA DE MAIZ
1334,HARINA INTEGRAL GRUESA
1334,HARINA INTEGRAL FINA
1334,HARINA DE SOJA TOSTADA
1334,SEMITA DE MAIZ
1334,MIX PARA PREPARAR MILANESAS DE SOJA
1334,TRIGO PAN
1334,ACEITUNAS VERDES
1334,ACEITE DE OLIVA
1335, SESAMO
1335,HIERBAS AROMATICAS
1335,YERBA MATE
1335,MELISA
1335,MENTA
1335,LAVANDA VERA
1335,OREGANO
1335,TOMILLO
1335,AJEDREA
1335,CEDRON
1335,ESTRAGON FRANCES
1335,SALVIA
1335,ROMERO
1335,LAVANDIN
1335,ROSA MOSQUETA
1335,MIJO
1335,MEZCLA PARA AVES
1335,MEZCLA PARA CARNES
1335,MEZCLA PARA PESCADOS
1335,TE VERDE CON MENTA
1335,MEZCLA PARA HIERBAS FINAS
1335,TREBOL ROJO
1335,HISOPO
1335,TILO
1335,CHIA
1335,LIMON (CASCARA)
1335,NARANJA AMARGA 
1335, (HOJA
1335,CASCARA
1335,FLOR)
1335,NARANJA DULCE (CASCARA
1335,FLOR)
1335,POMELO (CASCARA
1335,SEMILLA)
1335,HOJA DE PARRA
1335,LEMON GRAS
1335,STEVIA
1335,MANDIOCA
1336,CORTES DE CARNE VACUNA CONGELADA
1336,CORTES DE CARNE VACUNA ENFRIADA
1337,CEREALES
1337,OLEAGINOSAS.
1338,MIEL
1339,PRODUCTOS ORGANICOS DE ORIGEN ANIMAL
1339,VEGETAL.
1340,CEREALES
1340,OLEAGINOSAS
1341,CEREALES
1341,OLEAGINOSAS
1341,OTROS PRODUCTOS ORGANICOS.
1342,ACEITE DE OLIVA
1343,COMERCIALIZACION DE CEREALES
1343,OLEAGINOSAS
1344,MIEL
1344,SUBPRODUCTOS DE LA COLMENA.
1345,MANI
1345,MANI CONFITERIA
1345,MANI FRITO SALADO
1345,MANI TOSTADO
1345,ACEITE DE MANI
1345,PASTA DE MANI
1345,HARINA DE MANI
1346,MANI
1347,ESPARRAGO 
1347,MIEL
1347,VINO
1347, DULCE
1348,MANI
1348,MANI CONFITERIA
1348,MANI FRITO SALADO
1348,MANI TOSTADO
1348,ACEITE DE MANI
1348,HARINA DE MANI
1349,MANI
1350,COMERCIALIZACION DE MANI
1350,SUS DERIVADOS.
1351,MANI
1351,MANI CONFITERIA
1351,MANI FRITO SALADO
1351,MANI TOSTADO
1351,ACEITE DE MANI
1351,HARINA DE MANI
1351,PASTA DE MANI
1352,MANI 
1353,MANI
1354,MANI
1354,SOJA
1355,CEREALES
1355,OLEAGINOSAS
1356,LANA SUCIA
1356,LANA PEINADA
1357,PROCESAMIENTO (ACONDICIONAMIENTO) DE CEREALES
1357,OLEAGINOSAS
1358,ARROZ INTEGRAL
1358,PULIDO
1358,LINO
1358,MIJO
1358,SORGO
1358,MAIZ
1358,AZUCAR
1358,CENTENO
1359,ACEITE DE OLIVA
1360,AJO
1360,ZAPALLO
1361,VINO
1361,MOSTO
1362,ACEITE DE OLIVA
1363,SEMILLA DE LECHUGA
1363,SEMILLA DE CEBOLLA
1364,PULPA CONCENTRADA DE DAMASCO
1364,PULPA CONCENTRADA DE MANZANA
1364,PULPA CONCENTRADA DE PERA
1364,PULPA CONCENTRADA DE CIRUELA
1365,AJO
1365,ZAPALLO
1366,ACEITE DE OLIVA
1367,VINO
1367,VINO ESPUMANTE
1368,VINO
1369,VINO
1370,ROSELLA
1370,STEVIA
1370,TE
1370,TE NEGRO
1370,TE VERDE
1370,YERBA MATE
1370,TE ROJO
1371,YERBA MATE
1372,YERBA MATE
1373,CIRUELA
1373,DURAZNO
1373,CEREZA
1373,MANZANA
1373,PERA
1373,ZAPALLO
1374,CEREZA
1374,NECTARINAS 
1374,PERA
1374,MANZANA
1374,CIRUELA
1374,DURAZNO
1375,PERAS
1375,MANZANAS
1375,DURAZNOS
1375,CEREZA
1375,CIRUELAS
1375,ZAPALLO
1376,JUGO CONCENTRADO
1376,PURE DE PERA
1377,MANZANAS
1377,PERAS
1378,MANZANAS
1378,PERAS
1378,UVAS
1378,ARANDANOS
1379,PERA
1379,MANZANA
1379,CIRUELAS
1379,DURAZNO
1379,NECTARINAS
1379,CEREZAS
1380,CEREALES
1380,OLEAGINOSAS
1381,CEREALES
1381,OLEAGINOSAS
1381,LEGUMINOSAS.
1382,CHIA (SALVIA HISPANICA L.)
1383,CEREALES
1383,OLEAGINOSAS
1384,CHIA (SALVIA HISPANICA L)
1384,TRIGO
1384,QUINOA
1385,AJO
1386,CEREALES
1386,OLEAGINOSAS
1387,MIEL
1387,SUBPRODUCTOS DE LA COLMENA
1388,AZUCAR DE CAÑA
1389,CHIA (SALVIA HISPANICA L.)
1389,POROTO
1389,SESAMO
1390,CHIA (SALVIA HISPANICA L.)
1391,CHIA (SALVIA HISPANICA L.)
1392,AZUCAR DE CAÑA
1392,CHIA (SALVIA HISPANICA L.)
1392,QUINOA
1392,SESAMO
1393,CHIA (SALVIA HISPANICA L.)
1393,FRUTILLA
1393,FRUTILLA CONGELADA
1393,ARANDANO
1393,ARANDANO CONGELADO
1394,CHIA
