id_registro,rubro
0,AGRICULTURA
1,AGRICULTURA
2,AGRICULTURA
3,AGRICULTURA
4,AGRICULTURA
5,AGRICULTURA
6,AGRICULTURA
7,FRUTICULTURA
7,HORTICULTURA
8,GANADERIA
9,FRUTICULTURA
9,HORTICULTURA
10,FRUTICULTURA
10,HORTICULTURA
11,FRUTICULTURA
11,HORTICULTURA
12,AGRICULTURA
13,AGRICULTURA
14,AGRICULTURA
15,AGRICULTURA
16,FRUTICULTURA
16,HORTICULTURA
17,FRUTICULTURA
17,HORTICULTURA
18,GANADERIA
19,AGRICULTURA
20,FRUTICULTURA
20,HORTICULTURA
21,FRUTICULTURA
21,HORTICULTURA
22,AGRICULTURA
23,HORTICULTURA
24,HORTICULTURA
25,GANADERIA
26,AGRICULTURA
27,FRUTICULTURA
28,AGRICULTURA
29,AGRICULTURA
30,AGRICULTURA
31,AGRICULTURA
32,AGRICULTURA
33,AGRICULTURA
34,AGRICULTURA
35,AGRICULTURA
36,FRUTICULTURA
37,GANADERIA
38,FRUTICULTURA
39,AGRICULTURA
40,AGRICULTURA
41,GANADERIA
42,AGRICULTURA
43,HORTICULTURA
44,AGRICULTURA
45,AGRICULTURA
46,AGRICULTURA
47,AGRICULTURA
48,GANADERIA
49,AGRICULTURA
50,AGRICULTURA
51,HORTICULTURA
52,AGRICULTURA
53,AGRICULTURA
54,FRUTICULTURA
54,HORTICULTURA
55,AGRICULTURA
56,GANADERIA
57,AGRICULTURA
58,AGRICULTURA
59,AGRICULTURA
60,FRUTICULTURA
60,HORTICULTURA
61,AGRICULTURA
62,AGRICULTURA
63,AGRICULTURA
64,AGRICULTURA
65,AGRICULTURA
66,AGRICULTURA
67,AGRICULTURA
67,GANADERIA
68,GANADERIA
69,AGRICULTURA
70,AGRICULTURA
71,AGRICULTURA
71,GANADERIA
72,HORTICULTURA
73,GANADERIA
74,AGRICULTURA
75,AGRICULTURA
76,AGRICULTURA
77,APICULTURA
78,GANADERIA
79,AGRICULTURA
80,AGRICULTURA
81,AGRICULTURA
82,AGRICULTURA
83,AGRICULTURA
84,AGRICULTURA
85,AGRICULTURA
86,AGRICULTURA
87,AGRICULTURA
88,HORTICULTURA
89,AGRICULTURA
90,AGRICULTURA
91,AGRICULTURA
92,AGRICULTURA
93,AGRICULTURA
94,AGRICULTURA
95,AGRICULTURA
96,AGRICULTURA
97,AGRICULTURA
98,AGRICULTURA
99,AGRICULTURA
100,HORTICULTURA
101,AGRICULTURA
101,GANADERIA
102,AGRICULTURA
102,GANADERIA
103,AGRICULTURA
104,AGRICULTURA
105,AGRICULTURA
106,AGRICULTURA
107,AGRICULTURA
108,AGRICULTURA
109,AGRICULTURA
110,AGRICULTURA
111,GANADERIA
112,FRUTICULTURA
112,HORTICULTURA
113,AGRICULTURA
114,AGRICULTURA
115,HORTICULTURA
116,AGRICULTURA
117,AGRICULTURA
118,AGRICULTURA
119,AGRICULTURA
120,AGRICULTURA
121,AGRICULTURA
122,GANADERIA
123,FRUTICULTURA
123,HORTICULTURA
124,HORTICULTURA
125,AGRICULTURA
126,AGRICULTURA
127,FRUTICULTURA
127,HORTICULTURA
128,FRUTICULTURA
129,AGRICULTURA
130,AGRICULTURA
131,FRUTICULTURA
132,AGRICULTURA
133,FRUTICULTURA
134,FRUTICULTURA
135,AGRICULTURA
136,AGRICULTURA
137,AGRICULTURA
138,HORTICULTURA
139,AGRICULTURA
139,GANADERIA
140,APICULTURA
141,AGRICULTURA
142,FRUTICULTURA
142,HORTICULTURA
143,AGICULTURA
143,HORTICULTURA
144,FRUTICULTURA
144,HORTICULTURA
145,GANADERIA
146,AGRICULTURA
147,AGRICULTURA
148,APICULTURA
149,HORTICULTURA
150,FRUTICULTURA
151,FRUTICULTURA
151,HORTICULTURA
152,AGRICULTURA
153,AGRICULTURA
154,AGRICULTURA
155,AGRICULTURA
156,AGRICULTURA
157,FRUTICULTURA
158,FRUTICULTURA
158,HORTICULTURA
159,FRUTICULTURA
159,HORTICULTURA
160,APICULTURA
161,AGRICULTURA
162,FRUTICULTURA
163,APICULTURA
164,APICULTURA
165,APICULTURA
166,AGRICULTURA
167,APICULTURA
168,APICULTURA
169,APICULTURA
170,GANADERIA
171,GANADERIA
172,GANADERIA
173,GANADERIA
174,GANADERIA
175,GANADERIA
176,GANADERIA
177,FRUTICULTURA
178,FRUTICULTURA
179,FRUTICULTURA
180,GANADERIA
181,GANADERIA
182,GANADERIA
183,GANADERIA
184,GANADERIA
185,GANADERIA
186,GANADERIA
187,GANADERIA
188,GANADERIA
189,GANADERIA
190,FRUTICULTURA
191,GANADERIA
192,GANADERIA
193,GANADERIA
194,GANADERIA
195,GANADERIA
196,FRUTICULTURA
197,FRUTICULTURA
198,GANADERIA
199,GANADERIA
200,FRUTICULTURA
200,HORTICULTURA
201,GANADERIA
202,GANADERIA
203,GANADERIA
204,RECOLECCION SILVESTRE
205,FRUTICULTURA
206,GANADERIA
207,FRUTICULTURA
208,GANADERIA
209,GANADERIA
210,GANADERIA
211,GANADERIA
212,AGRICULTURA
213,APICULTURA
214,AGRICULTURA
215,FRUTICULTURA
215,HORTICULTURA
216,AGRICULTURA
217,AGRICULTURA
218,FRUTICULTURA
219,AGRICULTURA
220,FRUTICULTURA
221,AGRICULTURA
222,AGRICULTURA
223,AGRICULTURA
224,AGRICULTURA
225,AGRICULTURA
226,AGRICULTURA
227,AGRICULTURA
228,AGRICULTURA
229,AGRICULTURA
230,AGRICULTURA
231,HORTICULTURA
232,FRUTICULTURA
233,FRUTICULTURA
234,AGRICULTURA
235,AGRICULTURA
236,AGRICULTURA
237,AGRICULTURA
238,AGRICULTURA
239,AGRICULTURA
240,AGRICULTURA
241,AGRICULTURA
242,AGRICULTURA
243,AGRICULTURA
244,AGRICULTURA
245,AGRICULTURA
246,GANADERIA
247,FRUTICULTURA
247,HORTICULTURA
248,AGRICULTURA
249,FRUTICULTURA
249,HORTICULTURA
250,AGRICULTURA
251,AGRICULTURA
252,FRUTICULTURA
252,HORTICULTURA
253,AGRICULTURA
254,AGRICULTURA
255,AGRICULTURA
256,AGRICULTURA
257,AGRICULTURA
258,APICULTURA
259,AGRICULTURA
260,AGRICULTURA
261,AGRICULTURA
262,AGRICULTURA
263,AGRICULTURA
264,AGRICULTURA
265,AGRICULTURA
266,AGRICULTURA
267,AGRICULTURA
268,AGRICULTURA
269,AGRICULTURA
270,AGRICULTURA
271,AGRICULTURA
272,APICULTURA
273,APICULTURA
274,FRUTICULTURA
275,FRUTICULTURA
276,FRUTICULTURA
277,AGRICULTURA
278,AGRICULTURA
279,FRUTICULTURA
279,HORTICULTURA
280,FRUTICULTURA
281,FRUTICULTURA
282,FRUTICULTURA
283,FRUTICULTURA
284,FRUTICULTURA
285,FRUTICULTURA
286,FRUTICULTURA
287,FRUTICULTURA
288,AGRICULTURA
289,FRUTICULTURA
290,AGRICULTURA
291,FRUTICULTURA
292,FRUTICULTURA
293,FRUTICULTURA
294,FRUTICULTURA
295,FRUTICULTURA
296,FRUTICULTURA
296,HORTICULTURA
297,FRUTICULTURA
298,FRUTICULTURA
299,AGRICULTURA
300,FRUTICULTURA
300,HORTICULTURA
301,FRUTICULTURA
302,FRUTICULTURA
303,FRUTICULTURA
304,FRUTICULTURA
305,FRUTICULTURA
306,AGRICULTURA
307,FRUTICULTURA
308,FRUTICULTURA
308,HORTICULTURA
309,FRUTICULTURA
309,HORTICULTURA
310,FRUTICULTURA
310,HORTICULTURA
311,FRUTICULTURA
312,FRUTICULTURA
312,HORTICULTURA
313,FRUTICULTURA
314,FRUTICULTURA
315,FRUTICULTURA
315,HORTICULTURA
316,FRUTICULTURA
317,FRUTICULTURA
318,FRUTICULTURA
318,HORTICULTURA
319,FRUTICULTURA
319,HORTICULTURA
320,FRUTICULTURA
320,HORTICULTURA
321,FRUTICULTURA
322,FRUTICULTURA
322,HORTICULTURA
323,FRUTICULTURA
323,HORTICULTURA
324,FRUTICULTURA
325,FRUTICULTURA
326,FRUTICULTURA
327,AGRICULTURA
328,FRUTICULTURA
329,FRUTICULTURA
330,FRUTICULTURA
331,FRUTICULTURA
332,FRUTICULTURA
333,FRUTICULTURA
334,FRUTICULTURA
335,FRUTICULTURA
335,HORTICULTURA
336,FRUTICULTURA
336,HORTICULTURA
337,FRUTICULTURA
337,HORTICULTURA
338,FRUTICULTURA
338,HORTICULTURA
339,FRUTICULTURA
340,AGRICULTURA
341,AGRICULTURA
342,AGRICULTURA
343,AGRICULTURA
344,FRUTICULTURA
345,FRUTICULTURA
346,FRUTICULTURA
347,FRUTICULTURA
347,HORTICULTURA
348,FRUTICULTURA
349,FRUTICULTURA
349,HORTICULTURA
350,FRUTICULTURA
350,HORTICULTURA
351,FRUTICULTURA
352,FRUTICULTURA
353,FRUTICULTURA
354,HORTICULTURA
355,FRUTICULTURA
356,FRUTICULTURA
357,FRUTICULTURA
358,FRUTICULTURA
359,FRUTICULTURA
359,HORTICULTURA
360,FRUTICULTURA
360,HORTICULTURA
361,FRUTICULTURA
361,HORTICULTURA
362,AGRICULTURA
363,FRUTICULTURA
364,FRUTICULTURA
365,FRUTICULTURA
365,HORTICULTURA
366,FRUTICULTURA
367,FRUTICULTURA
368,FRUTICULTURA
369,FRUTICULTURA
369,HORTICULTURA
370,FRUTICULTURA
371,FRUTICULTURA
372,FRUTICULTURA
373,FRUTICULTURA
373,HORTICULTURA
374,FRUTICULTURA
374,HORTICULTURA
375,FRUTICULTURA
376,FRUTICULTURA
377,FRUTICULTURA
378,FRUTICULTURA
378,HORTICULTURA
379,FRUTICULTURA
379,HORTICULTURA
380,FRUTICULTURA
380,HORTICULTURA
381,FRUTICULTURA
382,FRUTICULTURA
382,HORTICULTURA
383,FRUTICULTURA
384,FRUTICULTURA
385,FRUTICULTURA
386,FRUTICULTURA
387,FRUTICULTURA
387,HORTICULTURA
388,FRUTICULTURA
389,FRUTICULTURA
389,HORTICULTURA
390,FRUTICULTURA
391,FRUTICULTURA
392,FRUTICULTURA
393,FRUTICULTURA
394,FRUTICULTURA
395,FRUTICULTURA
396,APICULTURA
397,FRUTICULTURA
398,FRUTICULTURA
398,HORTICULTURA
399,FRUTICULTURA
399,HORTICULTURA
400,FRUTICULTURA
401,FRUTICULTURA
402,FRUTICULTURA
402,HORTICULTURA
403,FRUTICULTURA
404,FRUTICULTURA
405,FRUTICULTURA
406,FRUTICULTURA
407,FRUTICULTURA
408,FRUTICULTURA
408,HORTICULTURA
409,FRUTICULTURA
409,HORTICULTURA
410,FRUTICULTURA
410,HORTICULTURA
411,HORTICULTURA
412,FRUTICULTURA
412,HORTICULTURA
413,FRUTICULTURA
414,FRUTICULTURA
414,HORTICULTURA
415,FRUTICULTURA
415,HORTICULTURA
416,FRUTICULTURA
417,FRUTICULTURA
417,HORTICULTURA
418,FRUTICULTURA
419,FRUTICULTURA
419,HORTICULTURA
420,FRUTICULTURA
420,HORTICULTURA
421,FRUTICULTURA
421,HORTICULTURA
422,FRUTICULTURA
423,FRUTICULTURA
423,HORTICULTURA
424,FRUTICULTURA
425,FRUTICULTURA
426,FRUTICULTURA
427,FRUTICULTURA
428,FRUTICULTURA
429,FRUTICULTURA
430,FRUTICULTURA
431,AGRICULTURA
432,FRUTICULTURA
432,HORTICULTURA
433,FRUTICULTURA
434,FRUTICULTURA
435,FRUTICULTURA
436,FRUTICULTURA
437,FRUTICULTURA
437,HORTICULTURA
438,FRUTICULTURA
439,AGRICULTURA
440,AGRICULTURA
441,AGRICULTURA
442,AGRICULTURA
443,AGRICULTURA
444,AGRICULTURA
445,AGRICULTURA
446,AGRICULTURA
447,AGRICULTURA
448,AGRICULTURA
449,AGRICULTURA
450,FRUTICULTURA
451,AGRICULTURA
452,AGRICULTURA
453,AGRICULTURA
454,AGRICULTURA
455,AGRICULTURA
456,AGRICULTURA
457,AGRICULTURA
458,AGRICULTURA
459,AGRICULTURA
460,AGRICULTURA
461,AGRICULTURA
462,AGRICULTURA
463,AGRICULTURA
464,AGRICULTURA
465,AGRICULTURA
466,AGRICULTURA
467,AGRICULTURA
468,AGRICULTURA
469,AGRICULTURA
470,AGRICULTURA
471,AGRICULTURA
472,AGRICULTURA
473,AGRICULTURA
474,AGRICULTURA
475,AGRICULTURA
476,AGRICULTURA
477,AGRICULTURA
478,AGRICULTURA
479,AGRICULTURA
480,AGRICULTURA
481,AGRICULTURA
482,AGRICULTURA
483,AGRICULTURA
484,AGRICULTURA
485,AGRICULTURA
486,AGRICULTURA
487,AGRICULTURA
488,AGRICULTURA
489,AGRICULTURA
490,AGRICULTURA
491,AGRICULTURA
492,AGRICULTURA
493,AGRICULTURA
494,AGRICULTURA
495,AGRICULTURA
496,AGRICULTURA
497,AGRICULTURA
498,AGRICULTURA
499,AGRICULTURA
500,AGRICULTURA
501,AGRICULTURA
502,AGRICULTURA
503,AGRICULTURA
504,AGRICULTURA
505,AGRICULTURA
506,AGRICULTURA
507,AGRICULTURA
508,AGRICULTURA
509,AGRICULTURA
510,AGRICULTURA
511,AGRICULTURA
512,AGRICULTURA
513,AGRICULTURA
514,AGRICULTURA
515,AGRICULTURA
516,AGRICULTURA
517,AGRICULTURA
518,AGRICULTURA
519,AGRICULTURA
520,AGRICULTURA
521,AGRICULTURA
522,AGRICULTURA
523,AGRICULTURA
524,AGRICULTURA
525,AGRICULTURA
526,AGRICULTURA
527,AGRICULTURA
528,AGRICULTURA
529,AGRICULTURA
530,AGRICULTURA
531,AGRICULTURA
532,AGRICULTURA
533,AGRICULTURA
534,AGRICULTURA
535,AGRICULTURA
536,AGRICULTURA
537,AGRICULTURA
538,AGRICULTURA
539,AGRICULTURA
540,AGRICULTURA
541,AGRICULTURA
542,AGRICULTURA
543,AGRICULTURA
544,AGRICULTURA
545,AGRICULTURA
546,AGRICULTURA
547,AGRICULTURA
548,AGICULTURA
548,HORTICULTURA
549,AGRICULTURA
550,AGRICULTURA
551,AGRICULTURA
552,AGICULTURA
552,FRUTICULTURA
553,AGRICULTURA
554,AGRICULTURA
555,AGRICULTURA
556,AGRICULTURA
557,AGRICULTURA
558,AGRICULTURA
559,AGRICULTURA
560,AGRICULTURA
561,AGRICULTURA
562,AGRICULTURA
563,AGRICULTURA
564,AGRICULTURA
565,AGRICULTURA
566,AGRICULTURA
567,AGRICULTURA
568,AGRICULTURA
569,AGRICULTURA
570,AGRICULTURA
571,AGRICULTURA
572,AGRICULTURA
573,AGRICULTURA
574,AGRICULTURA
575,AGRICULTURA
576,AGRICULTURA
577,AGRICULTURA
578,AGRICULTURA
579,AGRICULTURA
580,AGRICULTURA
581,AGRICULTURA
582,AGRICULTURA
583,AGRICULTURA
584,AGRICULTURA
585,AGRICULTURA
586,AGRICULTURA
587,AGRICULTURA
588,AGRICULTURA
589,AGRICULTURA
590,AGRICULTURA
591,AGRICULTURA
592,AGRICULTURA
593,AGRICULTURA
594,AGRICULTURA
595,AGRICULTURA
596,AGRICULTURA
597,AGRICULTURA
598,AGRICULTURA
599,AGRICULTURA
600,AGRICULTURA
601,AGRICULTURA
602,AGRICULTURA
603,AGRICULTURA
604,AGRICULTURA
605,AGRICULTURA
606,AGRICULTURA
607,AGRICULTURA
608,AGRICULTURA
609,AGRICULTURA
610,AGRICULTURA
611,AGRICULTURA
612,AGRICULTURA
613,AGRICULTURA
614,AGRICULTURA
615,AGRICULTURA
616,AGRICULTURA
617,AGRICULTURA
618,AGRICULTURA
619,AGRICULTURA
620,AGRICULTURA
621,AGRICULTURA
622,AGRICULTURA
623,AGRICULTURA
624,AGRICULTURA
625,AGRICULTURA
626,AGRICULTURA
627,AGRICULTURA
629,AGRICULTURA
630,AGRICULTURA
631,AGRICULTURA
632,AGRICULTURA
633,AGRICULTURA
634,AGRICULTURA
635,AGRICULTURA
636,AGRICULTURA
637,FRUTICULTURA
637,AGRICULTURA
638,AGRICULTURA
639,AGRICULTURA
640,AGRICULTURA
641,AGRICULTURA
642,GANADERIA
643,AGRICULTURA
644,FRUTICULTURA
645,FRUTICULTURA
646,FRUTICULTURA
647,FRUTICULTURA
648,FRUTICULTURA
649,FRUTICULTURA
650,FRUTICULTURA
651,FRUTICULTURA
652,FRUTICULTURA
653,FRUTICULTURA
654,FRUTICULTURA
655,FRUTICULTURA
656,FRUTICULTURA
657,FRUTICULTURA
658,FRUTICULTURA
659,FRUTICULTURA
660,FRUTICULTURA
661,FRUTICULTURA
662,FRUTICULTURA
663,FRUTICULTURA
664,FRUTICULTURA
665,FRUTICULTURA
666,FRUTICULTURA
667,FRUTICULTURA
668,FRUTICULTURA
669,FRUTICULTURA
670,FRUTICULTURA
671,FRUTICULTURA
672,FRUTICULTURA
673,FRUTICULTURA
674,FRUTICULTURA
675,FRUTICULTURA
676,FRUTICULTURA
677,FRUTICULTURA
678,FRUTICULTURA
679,FRUTICULTURA
680,FRUTICULTURA
681,FRUTICULTURA
682,FRUTICULTURA
683,FRUTICULTURA
684,FRUTICULTURA
685,FRUTICULTURA
686,FRUTICULTURA
687,FRUTICULTURA
688,FRUTICULTURA
689,FRUTICULTURA
690,FRUTICULTURA
691,FRUTICULTURA
692,FRUTICULTURA
693,FRUTICULTURA
694,FRUTICULTURA
695,FRUTICULTURA
696,FRUTICULTURA
697,FRUTICULTURA
698,GANADERIA
699,FRUTICULTURA
700,FRUTICULTURA
701,FRUTICULTURA
702,FRUTICULTURA
703,AGRICULTURA
704,FRUTICULTURA
705,FRUTICULTURA
706,FRUTICULTURA
707,FRUTICULTURA
708,FRUTICULTURA
709,FRUTICULTURA
710,FRUTICULTURA
711,FRUTICULTURA
712,FRUTICULTURA
713,FRUTICULTURA
714,FRUTICULTURA
715,FRUTICULTURA
716,FRUTICULTURA
717,FRUTICULTURA
718,FRUTICULTURA
719,GANADERIA
720,FRUTICULTURA
721,FRUTICULTURA
722,FRUTICULTURA
723,GANADERIA
724,FRUTICULTURA
725,FRUTICULTURA
726,FRUTICULTURA
727,FRUTICULTURA
728,FRUTICULTURA
729,FRUTICULTURA
730,FRUTICULTURA
731,FRUTICULTURA
732,FRUTICULTURA
733,FRUTICULTURA
734,FRUTICULTURA
735,FRUTICULTURA
736,FRUTICULTURA
737,FRUTICULTURA
738,FRUTICULTURA
739,FRUTICULTURA
740,FRUTICULTURA
741,FRUTICULTURA
742,FRUTICULTURA
743,FRUTICULTURA
744,FRUTICULTURA
745,FRUTICULTURA
746,FRUTICULTURA
747,FRUTICULTURA
748,FRUTICULTURA
749,FRUTICULTURA
750,FRUTICULTURA
751,FRUTICULTURA
752,FRUTICULTURA
753,FRUTICULTURA
754,FRUTICULTURA
754,HORTICULTURA
755,FRUTICULTURA
755,HORTICULTURA
756,FRUTICULTURA
756,HORTICULTURA
757,FRUTICULTURA
757,HORTICULTURA
758,FRUTICULTURA
759,FRUTICULTURA
759,HORTICULTURA
760,FRUTICULTURA
761,FRUTICULTURA
762,FRUTICULTURA
762,HORTICULTURA
763,FRUTICULTURA
764,AGRICULTURA
765,AGRICULTURA
766,FRUTICULTURA
767,FRUTICULTURA
768,FRUTICULTURA
769,FRUTICULTURA
770,GANADERIA
771,FRUTICULTURA
772,FRUTICULTURA
773,FRUTICULTURA
774,FRUTICULTURA
775,FRUTICULTURA
776,FRUTICULTURA
777,FRUTICULTURA
778,FRUTICULTURA
779,FRUTICULTURA
780,FRUTICULTURA
781,FRUTICULTURA
782,FRUTICULTURA
783,FRUTICULTURA
785,FRUTICULTURA
786,FRUTICULTURA
787,FRUTICULTURA
788,FRUTICULTURA
789,FRUTICULTURA
790,FRUTICULTURA
791,FRUTICULTURA
792,FRUTICULTURA
793,FRUTICULTURA
794,FRUTICULTURA
795,FRUTICULTURA
796,FRUTICULTURA
797,FRUTICULTURA
798,FRUTICULTURA
799,FRUTICULTURA
800,FRUTICULTURA
801,FRUTICULTURA
802,FRUTICULTURA
803,FRUTICULTURA
804,FRUTICULTURA
805,FRUTICULTURA
806,FRUTICULTURA
807,FRUTICULTURA
808,FRUTICULTURA
809,FRUTICULTURA
810,FRUTICULTURA
811,FRUTICULTURA
812,FRUTICULTURA
813,FRUTICULTURA
814,FRUTICULTURA
815,FRUTICULTURA
816,GANADERIA
817,FRUTICULTURA
818,FRUTICULTURA
819,FRUTICULTURA
819,HORTICULTURA
820,FRUTICULTURA
821,FRUTICULTURA
822,FRUTICULTURA
823,FRUTICULTURA
824,FRUTICULTURA
825,FRUTICULTURA
826,FRUTICULTURA
827,FRUTICULTURA
828,FRUTICULTURA
829,FRUTICULTURA
830,FRUTICULTURA
831,FRUTICULTURA
832,FRUTICULTURA
833,FRUTICULTURA
834,FRUTICULTURA
835,AGRICULTURA
836,AGRICULTURA
837,AGRICULTURA
838,AGRICULTURA
839,FRUTICULTURA
840,AGRICULTURA
841,AGRICULTURA
842,AGRICULTURA
843,AGRICULTURA
844,AGRICULTURA
845,AGRICULTURA
846,AGRICULTURA
847,AGRICULTURA
848,AGRICULTURA
849,AGRICULTURA
850,GANADERIA
850,FRUTICULTURA
851,AGRICULTURA
852,AGRICULTURA
854,AGRICULTURA
855,AGRICULTURA
856,AGRICULTURA
857,AGRICULTURA
858,AGRICULTURA
859,AGRICULTURA
860,FRUTICULTURA
861,AGRICULTURA
862,AGRICULTURA
863,AGRICULTURA
864,FRUTICULTURA
864,HORTICULTURA
865,AGRICULTURA
866,AGRICULTURA
867,AGRICULTURA
868,AGRICULTURA
869,FRUTICULTURA
869,AGRICULTURA
870,HORTICULTURA
871,AGRICULTURA
872,FRUTICULTURA
873,FRUTICULTURA
874,FRUTICULTURA
874,HORTICULTURA
875,FRUTICULTURA
875,HORTICULTURA
876,FRUTICULTURA
876,HORTICULTURA
877,FRUTICULTURA
877,HORTICULTURA
878,FRUTICULTURA
880,FRUTICULTURA
881,FRUTICULTURA
882,FRUTICULTURA
883,FRUTICULTURA
884,FRUTICULTURA
885,FRUTICULTURA
886,HORTICULTURA
887,FRUTICULTURA
887,HORTICULTURA
888,FRUTICULTURA
889,FRUTICULTURA
889,HORTICULTURA
890,FRUTICULTURA
890,HORTICULTURA
891,FRUTICULTURA
891,HORTICULTURA
892,FRUTICULTURA
892,HORTICULTURA
893,FRUTICULTURA
893,HORTICULTURA
894,FRUTICULTURA
894,HORTICULTURA
895,FRUTICULTURA
895,HORTICULTURA
896,FRUTICULTURA
897,FRUTICULTURA
897,HORTICULTURA
898,FRUTICULTURA
899,FRUTICULTURA
900,FRUTICULTURA
900,HORTICULTURA
901,FRUTICULTURA
902,FRUTICULTURA
903,GANADERIA
904,GANADERIA
905,HORTICULTURA
906,AGRICULTURA
907,FRUTICULTURA
907,HORTICULTURA
909,GANADERIA
910,GANADERIA
911,GANADERIA
912,GANADERIA
913,GANADERIA
914,GANADERIA
915,ACUICULTURA
916,GANADERIA
917,GANADERIA
918,GANADERIA
919,GANADERIA
920,GANADERIA
921,GANADERIA
922,GANADERIA
923,AGRICULTURA
924,AGRICULTURA
925,FRUTICULTURA
926,APICULTURA
927,APICULTURA
928,APICULTURA
929,AGRICULTURA
930,GANADERIA
931,GANADERIA
932,GANADERIA
933,FRUTICULTURA
933,HORTICULTURA
934,APICULTURA
935,APICULTURA
936,APICULTURA
937,APICULTURA
938,AGRICULTURA
939,HORTICULTURA
940,AGRICULTURA
941,APICULTURA
942,APICULTURA
943,APICULTURA
944,APICULTURA
945,HORTICULTURA
946,APICULTURA
947,AGRICULTURA
948,APICULTURA
949,FRUTICULTURA
949,HORTICULTURA
950,FRUTICULTURA
950,HORTICULTURA
951,FRUTICULTURA
951,HORTICULTURA
952,FRUTICULTURA
952,HORTICULTURA
953,FRUTICULTURA
953,HORTICULTURA
954,FRUTICULTURA
954,HORTICULTURA
955,FRUTICULTURA
955,HORTICULTURA
956,FRUTICULTURA
956,HORTICULTURA
957,AGRICULTURA
958,FRUTICULTURA
959,FRUTICULTURA
959,HORTICULTURA
960,FRUTICULTURA
960,HORTICULTURA
961,FRUTICULTURA
961,HORTICULTURA
962,AGRICULTURA
963,FRUTICULTURA
964,AGRICULTURA
965,FRUTICULTURA
965,HORTICULTURA
966,FRUTICULTURA
966,HORTICULTURA
967,AGRICULTURA
968,FRUTICULTURA
968,HORTICULTURA
969,GANADERIA
970,GANADERIA
971,GANADERIA
972,ACUICULTURA
973,PRODUCTOS PARA EL CUIDADO PERSONAL
974,PROCESAMIENTO APICOLA
975,PROCESAMIENTO FRUTALES Y HORTALIZAS
976,PROCESAMIENTO APICOLA
977,PROCESAMIENTO CEREALES Y OLEAGINOSAS
978,PROCESAMIENTO FRUTALES Y HORTALIZAS
979,ACOPIO Y ACONDICIONAMIENTO DE GRANOS
980,ELABORACION Y EXTRACCION DE ACEITE
981,ACOPIO Y ACONDICIONAMIENTO DE GRANOS
982,ACOPIO Y ACONDICIONAMIENTO DE GRANOS
983,ACOPIO Y ACONDICIONAMIENTO DE GRANOS
984,PROCESAMIENTO CULTIVOS INDUSTRIALES
985,PROCESAMIENTO FRUTALES Y HORTALIZAS
986,EMPAQUE DE HORTALIZAS
987,INDUSTRIALIZACION DE YERBA MATE
988,FRACCIONAMIENTO DE MIEL
989,PROCESAMIENTO CULTIVOS INDUSTRIALES
990,PROCESAMIENTO CEREALES Y OLEAGINOSAS
991,"FRACCIONAMIENTO DE TE, YERBA MATE"
992,PROCESAMIENTO APICOLA
993,OTROS
994,ACOPIO Y ACONDICIONAMIENTO DE GRANOS
995,EMPAQUE DE FRUTAS NO CITRICAS
996,PROCESAMIENTO CEREALES Y OLEAGINOSAS
997,INDUSTRIA LACTEA
998,PROCESAMIENTO CEREALES Y OLEAGINOSAS
999,ALIMENTACION ANIMAL
1000,OTROS
1001,OTROS
1002,PROCESAMIENTO CULTIVOS INDUSTRIALES
1003,PROCESAMIENTO FRUTALES Y HORTALIZAS
1004,ACONDICIONAMIENTO Y EMPAQUE
1005,PROCESAMIENTO CEREALES Y OLEAGINOSAS
1006,"PANIFICACION, GRANOS Y CEREALES, HARINAS, LEGUMBRES, YERBA MATE, AZUCAR, MIEL"
1007,PROCESAMIENTO DE TE Y MOLINO YERBA MATE
1008,"ELABORACION , FRACCIONAMIENTO Y DEPOSITO DE HIERBAS AROMATICAS Y MEDICINALES"
1009,PROCESAMIENTO CEREALES Y OLEAGINOSAS
1010,PROCESAMIENTO CEREALES Y OLEAGINOSAS
1011,PROCESAMIENTO APICOLA
1012,PROCESAMIENTO DE CEREALES Y OLEAGINOSAS.
1013,FRACCIONAMIENTO DE MIEL
1014,PROCESAMIENTO CEREALES Y OLEAGINOSAS
1015,PROCESAMIENTO FRUTALES Y HORTALIZAS
1016,PROCESAMIENTO CEREALES Y OLEAGINOSAS
1017,FRIGORIFICOS Y EMPAQUE PARA  FRUTAS
1018,PROCESAMIENTO CEREALES Y OLEAGINOSAS
1019,PROCESAMIENTO CEREALES Y OLEAGINOSAS
1020,PROCESAMIENTO CEREALES Y OLEAGINOSAS
1021,PROCESAMIENTO CEREALES Y OLEAGINOSAS
1022,FRACCIONAMIENTO DE MIEL
1023,PROCESAMIENTO CULTIVOS INDUSTRIALES
1024,PROCESAMIENTO CULTIVOS INDUSTRIALES
1025,ELABORACION GRANOS
1026,LIMPIEZA DE GRANOS
1027,FRACCIONAMIENTO DE MIEL
1028,PROCESAMIENTO CEREALES Y OLEAGINOSAS
1029,PROCESAMIENTO CEREALES Y OLEAGINOSAS
1030,PROCESAMIENTO CEREALES Y OLEAGINOSAS
1031,ELABORACION
1032,ACOPIO Y ACONDICIONAMIENTO DE GRANOS
1033,"ELABORACION, FRACCIONAMIENTO Y EMPAQUE"
1034,PROCESAMIENTO CEREALES Y OLEAGINOSAS
1035,PROCESAMIENTO APICOLA
1036,PROCESAMIENTO FRUTALES Y HORTALIZAS
1037,EMPAQUE DE HORTALIZAS
1038,PROCESAMIENTO CEREALES Y OLEAGINOSAS
1039,PROCESAMIENTO APICOLA
1040,ACOPIO
1041,ELABORACION 
1042,BODEGA VITIVINICOLA
1043,EXTRACCION DE ACEITE
1044,EXTRACCION DE ACEITE
1045,PROCESAMIENTO CULTIVOS INDUSTRIALES
1046,EXTRACCION DE ACEITE
1047,PROCESAMIENTO DE CEREALES Y OLEAGINOSAS.
1048,ACOPIO Y ACONDICIONAMIENTO DE GRANOS
1049,EMPAQUE DE HORTALIZAS
1050,ACOPIO Y ACONDICIONAMIENTO DE GRANOS
1051,PROCESAMIENTO CEREALES Y OLEAGINOSAS
1052,PROCESAMIENTO DE MANI
1053,PROCESAMIENTO FRUTALES Y HORTALIZAS
1054,PROCESAMIENTO CEREALES Y OLEAGINOSAS
1055,PROCESAMIENTO DE MANI Y SOJA
1056,PROCESAMIENTO DE MANI Y SOJA
1057,PROCESAMIENTO APICOLA
1058,PROCESAMIENTO CULTIVOS INDUSTRIALES
1059,PROCESAMIENTO CEREALES Y OLEAGINOSAS
1060,PROCESAMIENTO CEREALES Y OLEAGINOSAS
1061,PROCESAMIENTO FRUTALES Y HORTALIZAS
1062,PROCESAMIENTO APICOLA
1063,PROCESAMIENTO APICOLA
1064,OTROS
1065,ELABORACION DE DULCES
1066,PROCESAMIENTO TEXTIL
1067,PROCESAMIENTO TEXTIL
1068,OTROS
1069,PROCESAMIENTO TEXTIL
1070,PROCESAMIENTO TEXTIL
1071,"SECADO, ACONDICIONAMIENTO, ELABORACION Y ACOPIO"
1072,"SECADO, ACONDICIONAMIENTO, ELABORACION Y ACOPIO"
1073,PROCESAMIENTO PRODUCTOS ORGANICOS
1074,PROCESAMIENTO PRODUCTOS ORGANICOS
1075,PROCESAMIENTO TEXTIL
1076,EXTRACCION DE MIEL
1077,EXTRACCION DE MIEL
1078,ACOPIO Y ACONDICIONAMIENTO DE GRANOS
1079,FRACCIONAMIENTO Y EMPAQUE DE ARROZ
1080,ELABORACION DE  JUGOS CONCENTRADOS Y FABRICA DE ACEITES ESENCIALES
1081,ACOPIO Y ACONDICIONAMIENTO DE GRANOS
1082,ACOPIO Y ACONDICIONAMIENTO DE GRANOS
1083,ACOPIO Y ACONDICIONAMIENTO DE GRANOS
1084,PROCESAMIENTO CEREALES Y OLEAGINOSAS
1085,PROCESAMIENTO FRUTALES Y HORTALIZAS
1086,"ELABORACION DE JUGOS CONCENTRADOS, ACEITE ESCENCIAL Y PULPA DE CITRICOS"
1087,PROCESAMIENTO CULTIVOS INDUSTRIALES
1088,PROCESAMIENTO CULTIVOS INDUSTRIALES
1089,ACOPIO Y ACONDICIONAMIENTO DE GRANOS
1090,EXTRACCION DE ACEITE
1091,PROCESAMIENTO FRUTALES Y HORTALIZAS
1092,ELABORACION DE JUGOS Y BODEGA VITIVINICOLA
1093,BODEGA VITIVINICOLA
1094,EXTRACCION DE ACEITE
1095,PROCESAMIENTO CULTIVOS INDUSTRIALES
1096,SECADERO DE FRUTAS
1097,PROCESAMIENTO CULTIVOS INDUSTRIALES
1098,PROCESAMIENTO FRUTALES Y HORTALIZAS
1099,ELABORACION DE PASAS DE UVA
1100,SECADO DE FRUTAS
1101,SECADO DE FRUTAS
1102,SECADO DE FRUTAS
1103,EXTRACCION DE ACEITE
1104,BODEGA VITIVINICOLA
1105,PROCESAMIENTO FRUTALES Y HORTALIZAS
1106,BODEGA VITIVINICOLA
1107,PROCESAMIENTO FRUTALES Y HORTALIZAS
1108,PROCESAMIENTO FRUTALES Y HORTALIZAS
1109,PROCESAMIENTO FRUTALES Y HORTALIZAS
1110,PROCESAMIENTO FRUTALES Y HORTALIZAS
1111,PROCESAMIENTO FRUTALES Y HORTALIZAS
1112,INDUSTRIA VITIVINICOLA
1113,BODEGA VITIVINICOLA
1114,PROCESAMIENTO FRUTALES Y HORTALIZAS
1115,BODEGA VITIVINICOLA
1116,BODEGA VITIVINICOLA
1117,BODEGA VITIVINICOLA
1118,BODEGA VITIVINICOLA
1119,BODEGA VITIVINICOLA
1120,BODEGA VITIVINICOLA
1121,BODEGA VITIVINICOLA
1122,INDUSTRIA VITIVINICOLA
1123,PROCESAMIENTO FRUTALES Y HORTALIZAS
1124,INDUSTRIA VITIVINICOLA
1125,INDUSTRIALIZACION DE FRUTAS DESECADAS
1126,BODEGA VITIVINICOLA
1127,EXTRACCION DE ACEITE
1128,BODEGA VITIVINICOLA
1129,BODEGA VITIVINICOLA
1130,BODEGA VITIVINICOLA
1131,BODEGA VITIVINICOLA
1132,INDUSTRIA VITIVINICOLA
1133,PROCESAMIENTO FRUTALES Y HORTALIZAS
1134,BODEGA VITIVINICOLA
1135,BODEGA VITIVINICOLA
1136,BODEGA VITIVINICOLA
1137,ALMACENAMIENTO
1138,BODEGA VITIVINICOLA
1139,BODEGA VITIVINICOLA
1140,PROCESAMIENTO FRUTALES Y HORTALIZAS
1141,BODEGA VITIVINICOLA
1142,BODEGA VITIVINICOLA
1143,INDUSTRIA VITIVINICOLA
1144,BODEGA VITIVINICOLA
1145,FRIGORIFICO PARA  MOSTO
1146,FRIGORIFICO PARA  MOSTO
1147,BODEGA VITIVINICOLA
1148,BODEGA VITIVINICOLA
1149,SECADO
1150,BODEGA VITIVINICOLA
1151,BODEGA VITIVINICOLA
1152,BODEGA VITIVINICOLA
1153,EMPAQUE DE HORTALIZAS
1154,BODEGA VITIVINICOLA
1155,FRACCIONAMIENTO DE VINO
1156,BODEGA VITIVINICOLA
1157,PROCESAMIENTO FRUTALES Y HORTALIZAS
1158,BODEGA VITIVINICOLA
1159,BODEGA VITIVINICOLA
1160,EXTRACCION DE ACEITE Y ELABORACION DE ACEITUNAS Y OTROS
1161,INDUSTRIA VITIVINICOLA
1162,EXTRACCION DE ACEITE Y ELABORACION DE ACEITUNAS Y OTROS
1163,INDUSTRIA VITIVINICOLA
1164,BODEGA VITIVINICOLA
1165,PROCESAMIENTO FRUTALES Y HORTALIZAS
1166,PROCESAMIENTO FRUTALES Y HORTALIZAS
1167,INDUSTRIA VITIVINICOLA
1168,PROCESADO Y ENVASADO DE HORTALIZAS
1169,INDUSTRIA VITIVINICOLA
1170,BODEGA VITIVINICOLA
1171,PROCESAMIENTO FRUTALES Y HORTALIZAS
1172,PROCESAMIENTO FRUTALES Y HORTALIZAS
1173,INDUSTRIA VITIVINICOLA
1174,INDUSTRIALIZACION DE FRUTAS DESECADAS
1175,BODEGA VITIVINICOLA
1176,PROCESAMIENTO CULTIVOS INDUSTRIALES
1177,BODEGA VITIVINICOLA
1178,ELABORACION DE JUGO CONCENTRADO
1179,BODEGA VITIVINICOLA
1180,ELABORACION
1180, FRACCIONAMIENTO
1180, EMPAQUE
1180, ACOPIO
1181,PROCESAMIENTO CULTIVOS INDUSTRIALES
1182,"SECADERO , MOLINO Y FRACCIONAMIENTO DE TE, YERBA MATE"
1183,"SECADERO , MOLINO Y FRACCIONAMIENTO DE TE, YERBA MATE"
1184,PROCESAMIENTO CULTIVOS INDUSTRIALES
1185,DEPOSITO DE YERBA
1186,PROCESAMIENTO CULTIVOS INDUSTRIALES
1187,PROCESAMIENTO CULTIVOS INDUSTRIALES
1188,PROCESAMIENTO CULTIVOS INDUSTRIALES
1189,PROCESAMIENTO CULTIVOS INDUSTRIALES
1190,PROCESAMIENTO CULTIVOS INDUSTRIALES
1191,PROCESAMIENTO CULTIVOS INDUSTRIALES
1192,PROCESAMIENTO CULTIVOS INDUSTRIALES
1193,MOLINO DE YERBA MATE
1194,PROCESAMIENTO DE TE
1195,PROCESAMIENTO CULTIVOS INDUSTRIALES
1196,EMPAQUE DE HORTALIZAS Y FRUTAS NO CITRICAS
1197,EMPAQUE DE FRUTAS NO CITRICAS
1198,EMPAQUE DE FRUTAS NO CITRICAS
1199,EMPAQUE DE FRUTAS NO CITRICAS
1200,EMPAQUE DE FRUTAS NO CITRICAS
1201,FRIGORIFICOS PARA  FRUTAS
1202,EMPAQUE DE FRUTAS NO CITRICAS
1203,ELABORACION DE JUGO CONCENTRADO DE MANZANA Y PERA 
1204,ELABORACION
1205,EMPAQUE Y FRIGORIFICO DE FRUTAS NO CITRICAS
1206,EMPAQUE Y FRIGORIFICO DE FRUTAS NO CITRICAS
1207,EMPAQUE Y FRIGORIFICO DE FRUTAS NO CITRICAS
1208,EMPAQUE DE FRUTAS NO CITRICAS
1209,EMPAQUE Y FRIGORIFICO DE FRUTAS NO CITRICAS
1210,EMPAQUE DE FRUTAS NO CITRICAS
1211,EMPAQUE DE FRUTAS NO CITRICAS
1212,EMPAQUE DE FRUTAS NO CITRICAS
1213,ELABORACION DE ACEITE DE ROSA MOSQUETA
1214,EMPAQUE Y FRIGORIFICO FRUTAS NO CITRICAS
1215,EMPAQUE Y FRIGORIFICO FRUTAS NO CITRICAS
1216,ELABORACION DE MANZANA Y PERA DEHIDRATADA
1217,PROCESAMIENTO FRUTALES Y HORTALIZAS
1218,ALMACENAMIENTO Y FRIO PARA FRUTAS NO CITRICAS
1219,ALMACENAMIENTO Y FRIO PARA FRUTAS NO CITRICAS
1220,EMPAQUE FRUTAS NO CITRICAS
1221,PROCESAMIENTO FRUTALES Y HORTALIZAS
1222,EMPAQUE DE FRUTAS NO CITRICAS
1223,EMPAQUE PARA FRUTA NO CITRICA
1224,EMPAQUE Y FRIO
1225,FRIGORIFICOS PARA  FRUTAS
1226,FRIGORIFICOS PARA  FRUTAS
1227,EMPAQUE DE FRUTAS NO CITRICAS
1228,FRIGORIFICOS PARA  FRUTAS
1229,EMPAQUE DE FRUTAS NO CITRICAS
1230,EMPAQUE DE FRUTAS NO CITRICAS
1231,EMPAQUE DE FRUTAS NO CITRICAS
1232,SECADO
1232, PELADO
1232, ENVASADO
1232, ALMACENAMIENTO
1233,SECADO
1233, PELADO
1233, ENVASADO
1233, ALMACENAMIENTO
1234,EMPAQUE Y FRIO
1235,EMPAQUE Y FRIO
1236,BODEGA VITIVINICOLA
1237,PROCESAMIENTO CEREALES Y OLEAGINOSAS
1238,ACOPIO Y ACONDICIONAMIENTO DE GRANOS
1239,PROCESAMIENTO DE CEREALES Y OLEAGINOSAS.
1240,BODEGA VITIVINICOLA. ELABORACION DE MOSTO CONCENTRADO DE UVAS 
1241,PROCESAMIENTO CULTIVOS INDUSTRIALES
1242,PROCESAMIENTO CEREALES Y OLEAGINOSAS
1243,SECADO DE FRUTAS
1244,PROCESAMIENTO FRUTALES Y HORTALIZAS
1245,ELABORACION DE MOSTO CONCENTRADO DE UVA
1246,ELABORACION DE MOSTO CONCENTRADO DE UVA
1247,BODEGA VITIVINICOLA
1248,EMPAQUE DE HORTALIZAS
1249,BODEGA VITIVINICOLA. ELABORACION DE MOSTO CONCENTRADO DE UVAS 
1250,ELABORACION DE JUGO CONCENTRADO
1251,FRIGORIFICO PARA  MOSTO
1252,PROCESAMIENTO FRUTALES Y HORTALIZAS
1253,"BODEGA VITIVINICOLA Y ELABORACION DE  VINAGRE, MERMELADAS, HUMUS DE LOMBRIZ"
1254,FRACCIONAMIENTO
1255,SECADERO DE FRUTAS
1256,EXTRACCION DE ACEITE
1257,ELABORACION DE MOSTO CONCENTRADO
1258,SECADO - DESPALILLADO - EMBOLSADO
1259,PROCESAMIENTO CULTIVOS INDUSTRIALES
1260,FRIGORIFICOS PARA  FRUTAS
1261,ELABORACION DE DULCES Y FRUTAS EN ALMIBAR
1262,EXTRACCION Y FRACCIONAMIENTO DE MIEL
1263,ELABORACION DE DULCES
1264,EXTRACCION Y FRACCIONAMIENTO DE MIEL
1265,INDUSTRIA CARNICA
1266,"ELABORACION, FRACCIONAMIENTO, ALMACENAMIENTO, CONGELADO"
1267,"ELABORACION, FRACCIONAMIENTO, ALMACENAMIENTO, CONGELADO"
1268,FRACCIONAMIENTO DE MIEL
1269,PROCESAMIENTO FRUTALES Y HORTALIZAS
1270,INDUSTRIALIZACION DE LIMON
1271,EMPAQUE DE PRODUCTOS DE LIMON
1272,PROCESAMIENTO FRUTALES Y HORTALIZAS
1273,PROCESAMIENTO FRUTALES Y HORTALIZAS
1274,PROCESAMIENTO FRUTALES Y HORTALIZAS
1275,PROCESAMIENTO FRUTALES Y HORTALIZAS
1276,PROCESAMIENTO FRUTALES Y HORTALIZAS
1277,PROCESAMIENTO CEREALES Y OLEAGINOSAS
1278,PROCESAMIENTO FRUTALES Y HORTALIZAS
1279,PROCESAMIENTO FRUTALES Y HORTALIZAS
1280,PROCESAMIENTO FRUTALES Y HORTALIZAS
1281,PROCESAMIENTO CEREALES Y OLEAGINOSAS
1282,PROCESAMIENTO CEREALES Y OLEAGINOSAS
1283,PROCESAMIENTO FRUTALES Y HORTALIZAS
1284,PROCESAMIENTO FRUTALES Y HORTALIZAS
1285,ELABORACION Y ENVASADO
1286,SIN DEFINIR
1287,SIN DEFINIR
1288,SIN DEFINIR
1289,SIN DEFINIR
1290,SIN DEFINIR
1291,SIN DEFINIR
1292,SIN DEFINIR
1293,SIN DEFINIR
1294,SIN DEFINIR
1295,SIN DEFINIR
1296,SIN DEFINIR
1297,SIN DEFINIR
1298,SIN DEFINIR
1299,SIN DEFINIR
1300,SIN DEFINIR
1301,SIN DEFINIR
1302,SIN DEFINIR
1303,SIN DEFINIR
1304,SIN DEFINIR
1305,SIN DEFINIR
1306,SIN DEFINIR
1307,SIN DEFINIR
1308,SIN DEFINIR
1309,SIN DEFINIR
1310,SIN DEFINIR
1311,SIN DEFINIR
1312,SIN DEFINIR
1313,SIN DEFINIR
1314,SIN DEFINIR
1315,SIN DEFINIR
1316,SIN DEFINIR
1317,SIN DEFINIR
1318,SIN DEFINIR
1319,SIN DEFINIR
1320,SIN DEFINIR
1321,SIN DEFINIR
1322,SIN DEFINIR
1323,SIN DEFINIR
1324,SIN DEFINIR
1325,SIN DEFINIR
1326,SIN DEFINIR
1327,SIN DEFINIR
1328,SIN DEFINIR
1329,SIN DEFINIR
1330,SIN DEFINIR
1331,SIN DEFINIR
1332,SIN DEFINIR
1333,SIN DEFINIR
1334,SIN DEFINIR
1335,SIN DEFINIR
1336,SIN DEFINIR
1337,SIN DEFINIR
1338,SIN DEFINIR
1339,SIN DEFINIR
1340,SIN DEFINIR
1341,SIN DEFINIR
1342,SIN DEFINIR
1343,SIN DEFINIR
1344,SIN DEFINIR
1345,SIN DEFINIR
1346,SIN DEFINIR
1347,SIN DEFINIR
1348,SIN DEFINIR
1349,SIN DEFINIR
1350,SIN DEFINIR
1351,SIN DEFINIR
1352,SIN DEFINIR
1353,SIN DEFINIR
1354,SIN DEFINIR
1355,SIN DEFINIR
1356,SIN DEFINIR
1357,SIN DEFINIR
1358,SIN DEFINIR
1359,SIN DEFINIR
1360,SIN DEFINIR
1361,SIN DEFINIR
1362,SIN DEFINIR
1363,SIN DEFINIR
1364,SIN DEFINIR
1365,SIN DEFINIR
1366,SIN DEFINIR
1367,SIN DEFINIR
1368,SIN DEFINIR
1369,SIN DEFINIR
1370,SIN DEFINIR
1371,SIN DEFINIR
1372,SIN DEFINIR
1373,SIN DEFINIR
1374,SIN DEFINIR
1375,SIN DEFINIR
1376,SIN DEFINIR
1377,SIN DEFINIR
1378,SIN DEFINIR
1379,SIN DEFINIR
1380,SIN DEFINIR
1381,SIN DEFINIR
1382,SIN DEFINIR
1383,SIN DEFINIR
1384,SIN DEFINIR
1385,SIN DEFINIR
1386,SIN DEFINIR
1387,SIN DEFINIR
1388,SIN DEFINIR
1389,SIN DEFINIR
1390,SIN DEFINIR
1391,SIN DEFINIR
1392,SIN DEFINIR
1393,SIN DEFINIR
1394,SIN DEFINIR
